Area,yearid,CO,NOX,SO2,NO2,CO2EQ,VOC,PM10,PM25,BENZ,NAPTH,BUTA,FORM,ACTE,ACROL,ETYB,DPM,POM
Austin,2020,6.44351984502282,3.27955506143917,0.0276480624597752,0.402229213909777,4215.34567864239,2.09325276681921,0.209915243830665,0.191722469870797,0.0260581182569695,0.00403135797801618,0.00308506332271463,0.0360220821573876,0.0177944611457406,0.00249279011739389,0.0314282859451396,0.170374177556369,0.00216529093520465
Austin,2021,5.64229998498922,2.89172363686885,0.026965927527101,0.370945853572721,4113.60415721685,1.90939986582089,0.189547814423179,0.172999730187314,0.0229474346549523,0.0035721461530557,0.00262185348586286,0.0323597433604164,0.0156991116389236,0.00220997587294036,0.0287493932680718,0.150435056661081,0.00189827741697155
Austin,2022,4.84108012495562,2.50389221229852,0.0262837925944268,0.339662493235664,4011.8626357913,1.72554696482257,0.169180385015693,0.154276990503831,0.0198367510529351,0.00311293432809522,0.00215864364901108,0.0286974045634452,0.0136037621321066,0.00192716162848683,0.026070500591004,0.130495935765794,0.00163126389873845
Austin,2023,4.36834223294863,2.20806095068474,0.0255777385435749,0.315321300978667,3906.43070006371,1.61805762627046,0.156410977523535,0.142555269177592,0.0183546060047775,0.00282322937359747,0.00194431672076689,0.0263184490568733,0.0123575894016881,0.00173715338999259,0.024607271844161,0.118467755310121,0.00146590184951096
Austin,2024,3.89560434094165,1.91222968907095,0.024871684492723,0.290980108721669,3800.99876433611,1.51056828771834,0.143641570031377,0.130833547851353,0.0168724609566198,0.00253352441909972,0.0017299897925227,0.0239394935503014,0.0111114166712696,0.00154714515149834,0.023144043097318,0.106439574854448,0.00130053980028348
Austin,2025,3.17314496437029,1.69535363194882,0.0241768516707452,0.284713949678007,3697.09559603035,1.34616511828062,0.128148799507812,0.116606987664909,0.0139287929578131,0.00219771505840075,0.00130606884709294,0.02133394667743,0.00950329864770083,0.00135493468117609,0.0205824834655459,0.0917004070215626,0.0011025429330375
Austin,2026,2.45626391802216,1.47847757482668,0.0234820188487674,0.278447790634345,3593.1924277246,1.1817619488429,0.112656028984247,0.102380427478465,0.0109851249590065,0.00186190569770178,0.000882147901663188,0.0187283998045586,0.00789518062413208,0.00116272421085384,0.0180209238337738,0.0769612391886767,0.000904546065791525
Austin,2027,2.28946667401033,1.31456865922155,0.022876797805111,0.264598295221276,3502.63766319305,1.12372232159396,0.100464646391856,0.0912035748062294,0.0101683638993677,0.00167845446428226,0.000759804343101855,0.0172342883765708,0.0071229567726192,0.00103959311522672,0.0173064159106389,0.065877591012395,0.00077711092964168
Austin,2028,2.1226694299985,1.15065974361642,0.0222715767614545,0.250748799808207,3412.08289866149,1.06568269434501,0.088273263799465,0.0800267221339936,0.00935160283972891,0.00149500323086275,0.000637460784540522,0.015740176948583,0.00635073292110633,0.000916462019599606,0.0165919079875039,0.0547939428361133,0.000649675793491835
Austin,2029,1.94679277024261,1.05079145841228,0.0217677501749449,0.239509529695169,3336.38314007223,1.02331202635833,0.0811708848469834,0.0735299879828517,0.00873465134469598,0.00138192477436064,0.000554622387219705,0.0148055602867032,0.00586589418955441,0.000843313174016203,0.0160105232224623,0.048749828900327,0.000575439843560237
Austin,2030,1.77091611048672,0.950923173208139,0.0212639235884353,0.228270259582132,3260.68338148296,0.980941358371638,0.0740685058945019,0.0670332538317098,0.00811769984966304,0.00126884631785854,0.000471783989898888,0.0138709436248234,0.00538105545800249,0.000770164328432799,0.0154291384574208,0.0427057149645407,0.000501203893628639
Austin,2031,1.38989435892654,0.835644092356233,0.0208706405764474,0.213832736755194,3201.58234179765,0.927640275731392,0.0684865779414281,0.0619264052697872,0.00695619494359789,0.00114629636291831,0.000293326092448698,0.0129219421008742,0.00476958284599505,0.000703747108606656,0.0145859012257006,0.0379291650970117,0.000430838066930895
Austin,2032,1.00887260736636,0.720365011504327,0.0204773575644595,0.199395213928256,3142.48130211234,0.874339193091146,0.0629046499883543,0.0568195567078646,0.00579469003753275,0.00102374640797808,0.000114868194998508,0.0119729405769249,0.00418488582127452,0.000637329888780513,0.0137426639939804,0.0331526152294828,0.000360472240233152
Austin,2033,0.960196530286339,0.650337632125229,0.0201636722421199,0.192667825573153,3095.31666211039,0.849516637703346,0.0593100115040102,0.0535412861313489,0.00555046657115099,0.000960473946226253,9.61518437812004E-05,0.0114361166765633,0.00394012912926911,0.000593011990670966,0.0134167517575179,0.0303723717152025,0.000321338261373665
Austin,2034,0.911520453206322,0.580310252746131,0.0198499869197803,0.186351595429187,3048.15202210844,0.824694082315546,0.055715373019666,0.0502630155548331,0.00530624310476924,0.000897201484474426,7.74354925638932E-05,0.0108992927762017,0.0036953724372637,0.000548694092561419,0.0130908395210554,0.0275921282009222,0.000282204282514179
Austin,2035,0.875549345822947,0.554704257325284,0.0196003689839017,0.183284674408014,3010.57544577122,0.807414820723352,0.0530615481966947,0.0478504629123222,0.00516536272760959,0.000873053150867158,7.0363364240933E-05,0.0106982038281132,0.00360268872534419,0.000531975109669069,0.0128389777724465,0.0257568145825644,0.000261291527070518
Austin,2036,0.839578238439572,0.529098261904437,0.0193507510480231,0.180217753386842,2972.998869434,0.790135559131159,0.0504077233737235,0.0454379102698113,0.00502448235044994,0.000848904817259889,6.32912359179727E-05,0.0104971148800246,0.00351000501342469,0.00051525612677672,0.0125871160238376,0.0239215009642066,0.000240378771626857
Austin,2037,0.806511476930609,0.509752510221006,0.0191553112405813,0.17975278073618,2943.75646763295,0.772678482935589,0.0460720923508688,0.0414742393816709,0.00488701719751816,0.000806827958211673,4.89965885286381E-05,0.0101617924032524,0.00334792887387891,0.000484663637736915,0.0123629666496186,0.020295056336181,0.000202859926545949
Austin,2038,0.773444715421647,0.491404775446426,0.0189598714331396,0.179287808085519,2914.5140658319,0.75522140674002,0.0417364613280142,0.0375105684935306,0.00474955204458638,0.000764751099163456,3.47019411393035E-05,0.00982646992648029,0.00318585273433314,0.000454071148697111,0.0121388172753996,0.0166686117081554,0.000165341081465042
Austin,2039,0.759021533875057,0.471286290248827,0.0188282932367088,0.175415306325704,2894.63539245725,0.745265703902987,0.0412399689889753,0.0370704471385466,0.00467666689615953,0.00075959361182135,3.45155847973899E-05,0.00976626854904339,0.00316537432678388,0.000451251964739718,0.0119749276706216,0.0166425933166465,0.000163021774391221
Austin,2040,0.744598352328467,0.451167805051227,0.0186967150402779,0.171700402669103,2874.75671908259,0.735310001065955,0.0407434766499364,0.0366303257835625,0.00460378174773268,0.000754436124479244,3.43292284554764E-05,0.00970606717160649,0.00314489591923461,0.000448432780782326,0.0118110380658436,0.0166165749251377,0.0001607024673174
Austin,2041,0.736454661720927,0.44869089617896,0.0185964113491082,0.171368482474463,2859.62394892424,0.727754560757603,0.0404364844692395,0.0363584810939983,0.00455475320762844,0.000753505250453455,3.43226813264152E-05,0.00969867248822709,0.0031417790005861,0.000448062932079552,0.0116841309194342,0.0166094487540249,0.000159432515732387
Austin,2042,0.728310971113387,0.446213987306692,0.0184961076579384,0.171036562279824,2844.49117876589,0.720199120449251,0.0401294922885427,0.0360866364044341,0.00450572466752419,0.000752574376427666,3.43161341973541E-05,0.00969127780484769,0.00313866208193758,0.000447693083376777,0.0115572237730248,0.0166023225829122,0.000158162564147374
Austin,2043,0.722455881270434,0.444169131527815,0.0184358322525213,0.170709001329215,2835.37716314197,0.715276729868492,0.0399394605065027,0.0359180597351951,0.00447341404986901,0.000751758613826307,3.43023389532959E-05,0.009683748413849,0.00313575362388718,0.000447327430749045,0.0114744890231577,0.016587980917393,0.000157375718486573
Austin,2044,0.716600791427481,0.442124275748938,0.0183755568471042,0.170381440378605,2826.26314751804,0.710354339287733,0.0397494287244626,0.0357494830659562,0.00444110343221382,0.000750942851224949,3.42885437092377E-05,0.00967621902285032,0.00313284516583678,0.000446961778121313,0.0113917542732906,0.0165736392518738,0.000156588872825772
Austin,2045,0.712972481251199,0.441079909147447,0.0183347940330236,0.170267163352719,2820.11623579264,0.705355875063105,0.0396386682532466,0.0356514365594194,0.00441242457776525,0.000750563806267084,3.42866350706572E-05,0.00967329441697018,0.00313158818894266,0.000446814810329155,0.0113075265132352,0.0165721584198764,0.000156110812596825
Austin,2046,0.709344171074918,0.440558891830733,0.018294031218943,0.170152886326832,2813.96932406723,0.700357410838478,0.0395279077820305,0.0355533900528826,0.00438374572331668,0.000750184761309218,3.42847264320767E-05,0.00967036981109004,0.00313033121204853,0.000446667842536996,0.0112232987531797,0.0165706775878789,0.000155632752367878
Austin,2047,0.702237917565071,0.440052935600761,0.0182695429849105,0.170025749124761,2810.26417426765,0.697733477500151,0.0393297490409168,0.0353780390069005,0.00436389114332769,0.000749710612231662,3.42821611667432E-05,0.00966671887094606,0.00312876991722533,0.000446484282622173,0.0111791813170612,0.0165686419277336,0.000154839442882698
Austin,2048,0.695131664055225,0.439546979370789,0.0182450547508779,0.16989861192269,2806.55902446806,0.695109544161824,0.0391315902998031,0.0352026879609184,0.0043440365633387,0.000749236463154106,3.42795959014097E-05,0.00966306793080207,0.00312720862240212,0.000446300722707349,0.0111350638809427,0.0165666062675882,0.000154046133397518
Austin,2049,0.693738640959054,0.43930271543195,0.0182299785865325,0.169838434882877,2804.28615750372,0.693315547992825,0.0390476338670851,0.035128350416926,0.00433206969961475,0.000749015734423146,3.427890491281E-05,0.00966142741287968,0.00312648802121629,0.000446217703306218,0.0111048204001918,0.0165656208409928,0.000153701595708391
Austin,2050,0.692345617862884,0.439058451493111,0.0182149024221872,0.169778257843063,2802.01329053938,0.691521551823826,0.0389636774343671,0.0350540128729335,0.00432010283589079,0.000748795005692186,3.42782139242104E-05,0.00965978689495728,0.00312576742003046,0.000446134683905086,0.0110745769194409,0.0165646354143973,0.000153357058019264
Beaumont,2020,8.82183322752826,3.14132813681499,0.0278213580091915,0.388911435150476,4229.53036406636,2.09770581591874,0.167865928113088,0.152988293204999,0.0331689869258298,0.00380778145798912,0.00369118785926048,0.0324774327496016,0.0178321197793139,0.00217115212393537,0.0325593770455725,0.126941068156157,0.00190037064877016
Beaumont,2021,7.54563517001225,2.73516147198461,0.0271716456402373,0.351110246684584,4132.31025092304,1.90399806945061,0.153745218609629,0.140008901500039,0.0283270312713739,0.00333728809076291,0.00305091679271641,0.0289130235616994,0.0154590146592,0.00192041713077629,0.0295210199428766,0.113146951909584,0.00166589685607403
Beaumont,2022,6.28852033533622,2.32899480715423,0.0265219332712832,0.313309058218692,4035.09013777971,1.71029032298247,0.13962450910617,0.127029509795079,0.023485075616918,0.00286679472353671,0.00241064572617233,0.0253486143737973,0.0130859095390861,0.0016696821376172,0.0264874396609684,0.0993528356630122,0.00143142306337791
Beaumont,2023,5.47122201585444,2.03055113337905,0.0258263443700457,0.286193958048443,3931.08849801123,1.59543771784229,0.129685619579732,0.117904586471184,0.0208525456130246,0.00255585002366618,0.00206009139313323,0.0229313556433226,0.0116004379267451,0.00149116235922975,0.0248019217916635,0.089947465887235,0.00127447823255047
Beaumont,2024,4.65392369637266,1.73210745960387,0.0251307554688083,0.259078857878194,3827.08685824275,1.4805851127021,0.119746730053294,0.108779663147288,0.0182200156091312,0.00224490532379566,0.00170953706009414,0.0205140969128479,0.0101149663144042,0.00131264258084229,0.0231164039223586,0.0805420961114578,0.00111753340172303
Beaumont,2025,3.75885734290932,1.50928968817971,0.0244303362545111,0.247119133847264,3722.101353392,1.32575705990894,0.108514349255188,0.0984668469817507,0.0147232199619793,0.00191878227104699,0.00126119418634119,0.0180642911220161,0.00847413624123305,0.00114093209333532,0.0206353337748624,0.0699022156622959,0.000947758695461208
Beaumont,2026,2.86379098944599,1.28647191675554,0.0237299170402139,0.235159409816333,3617.11584854126,1.17092900711577,0.0972819684570823,0.088154030816213,0.0112264243148275,0.00159265921829833,0.000812851312588236,0.0156144853311844,0.00683330616806188,0.000969221605828352,0.0181542636273662,0.0592623352131341,0.00077798398919939
Beaumont,2027,2.6285963095288,1.13098996955887,0.0231102999582049,0.220076522168256,3524.16818033159,1.12336076490828,0.0880884579685812,0.0797297859289188,0.010265434074654,0.00142783579083362,0.000687333513203825,0.0142927119936758,0.00611556361981513,0.000864418962076563,0.017585440109201,0.0510226733604213,0.000674388646940218
Beaumont,2028,2.39340162961162,0.975508022362192,0.0224906828761959,0.204993634520179,3431.22051212192,1.07579252270079,0.0788949474800802,0.0713055410416246,0.00930444383448048,0.00126301236336891,0.000561815713819414,0.0129709386561672,0.00539782107156839,0.000759616318324774,0.0170166165910359,0.0427830115077086,0.000570793304681046
Beaumont,2029,2.16185568602668,0.882330729322348,0.0219583451465155,0.194265544734208,3351.21330454946,1.04090437859122,0.0729432717931218,0.0658670632469125,0.00859998087139502,0.00115533990727926,0.000475183943738244,0.0121023759863874,0.00492293236813168,0.000692932942861546,0.0165540178361425,0.0378777033911319,0.000504997146337093
Beaumont,2030,1.93030974244175,0.789153436282504,0.0214260074168351,0.183537454948237,3271.206096977,1.00601623448165,0.0669915961061633,0.0604285854522004,0.00789551790830956,0.00104766745118962,0.000388552173657075,0.0112338133166077,0.00444804366469498,0.000626249567398318,0.0160914190812491,0.0329723952745553,0.00043920098799314
Beaumont,2031,1.54742069581698,0.688466384001003,0.0209943053738471,0.170534217608747,3206.27816414833,0.961188610344834,0.0623971910054024,0.0562340465928628,0.00677545079076936,0.0009366980991889,0.000240043596418715,0.0103887888225245,0.0038934293324715,0.000567176137666436,0.0153986519567297,0.0292909552372294,0.000379048347977063
Beaumont,2032,1.16453164919221,0.587779331719503,0.020562603330859,0.157647268990331,3141.35023131967,0.916360986208019,0.0578027859046415,0.0520395077335252,0.00565538367322915,0.000825728747188184,9.17783156637597E-05,0.00954376432844128,0.00338160208110594,0.000508102707934555,0.0147058848322104,0.0256095151999034,0.000318895707960985
Beaumont,2033,1.10163262598508,0.529893259903474,0.0202005846134625,0.152098883232611,3086.98467212915,0.894066818807914,0.0546810990907716,0.0492029137289478,0.00541764791927335,0.00077272971462973,7.65331420353732E-05,0.00909550364957568,0.00317554266064235,0.000471557131215938,0.0144135403641599,0.0234877557159052,0.000286235861001817
Beaumont,2034,1.03873360277794,0.472007188087446,0.019838565896066,0.146550497474891,3032.61911293864,0.871772651407809,0.0515594122769016,0.0463663197243704,0.00517991216531755,0.000719730682071276,6.12879684069867E-05,0.00864724297071007,0.00296948324017876,0.000435011554497322,0.0141211958961094,0.021365996231907,0.000253576014042649
Beaumont,2035,0.99017396200361,0.44703859029687,0.0195404526768357,0.143413416011981,2987.73339914531,0.854470477544965,0.0490650456265485,0.0441060332979646,0.00503239159939994,0.000697372596650842,5.50127893603758E-05,0.00846123997234827,0.00288306453288101,0.000419865103601147,0.0138702746961599,0.0198476970035699,0.000234627871217332
Beaumont,2036,0.941614321229281,0.422882983086311,0.0192423394576053,0.140276334549071,2942.84768535197,0.83716830368212,0.0465706789761953,0.0418457468715587,0.00488487103348234,0.000675014511230407,4.87376103137649E-05,0.00827523697398647,0.00279664582558325,0.000404718652704972,0.0136193534962104,0.0183293977752328,0.000215679728392016
Beaumont,2037,0.899391387902142,0.404818229932062,0.0190055982324679,0.139026398752321,2907.31281588227,0.818652041543828,0.0430377156189934,0.0386269298174398,0.00474219559339417,0.000641311020520126,3.77480150000054E-05,0.00800468133866161,0.00266637322592089,0.000380652632888001,0.0133653157521394,0.0156864250457147,0.000186398204916053
Beaumont,2038,0.857168454575003,0.386753476777812,0.0187688570073306,0.137776462955571,2871.77794641256,0.800135779405537,0.0395047522617915,0.0354081127633208,0.004599520153306,0.000607607529809845,2.67584196862458E-05,0.00773412570333676,0.00253610062625853,0.000356586613071031,0.0131112780080684,0.0130434523161966,0.00015711668144009
Beaumont,2039,0.833707688019786,0.369538870683755,0.0186039796137152,0.134437780867302,2846.89007951319,0.788001205950422,0.0388702401620549,0.0348459801666081,0.00451206072591503,0.000602522572621222,2.660375280783E-05,0.0076774711316574,0.0025158075480789,0.000353954305194471,0.0129122467290301,0.0130200980420341,0.000154193539590368
Beaumont,2040,0.810246921464568,0.352324264589697,0.0184391022200998,0.131099098779032,2822.00221261382,0.775866632495308,0.0382357280623182,0.0342838475698954,0.00442460129852407,0.0005974376154326,2.64490859294142E-05,0.00762081655997804,0.00249551446989926,0.000351321997317911,0.0127132154499918,0.0129967437678715,0.000151270397740647
Beaumont,2041,0.795774150989018,0.348603484597334,0.0183148784145715,0.130241756059377,2803.26319116354,0.766398020950874,0.0378176763300644,0.0339137787723871,0.00436232386175561,0.000596016279974187,2.64421171358719E-05,0.00760922849231349,0.0024903358344659,0.000350771557979357,0.0125550867753361,0.0129896281650872,0.000149472172517482
Beaumont,2042,0.781301380513469,0.34488270460497,0.0181906546090431,0.129384413339722,2784.52416971326,0.756929409406439,0.0373996245978105,0.0335437099748788,0.00430004642498716,0.000594594944515775,2.64351483423297E-05,0.00759764042464894,0.00248515719903253,0.000350221118640803,0.0123969581006804,0.0129825125623029,0.000147673947294318
Beaumont,2043,0.772157274492201,0.342076068141978,0.0181143504850638,0.128686433911753,2772.99956434965,0.75051255296421,0.0371496759860293,0.0333222241598605,0.00425823786616775,0.000593518938079712,2.64238197651423E-05,0.00758813944555925,0.00248114956810497,0.000349772681254024,0.0122894765776778,0.0129712163761724,0.000146580992077111
Beaumont,2044,0.763013168470934,0.339269431678986,0.0180380463610845,0.127988454483784,2761.47495898604,0.744095696521981,0.036899727374248,0.0331007383448423,0.00421642930734833,0.00059244293164365,2.64124911879549E-05,0.00757863846646956,0.00247714193717741,0.000349324243867244,0.0121819950546751,0.0129599201900419,0.000145488036859905
Beaumont,2045,0.757240090490086,0.337684723117491,0.0179871528775948,0.127619110991418,2753.79933094233,0.738483532786631,0.0367578510556541,0.0329751470545716,0.00418388658675894,0.000591853314925922,2.64100707170201E-05,0.00757386838193952,0.00247499189531197,0.000349097365162976,0.0120877139669631,0.0129581677974784,0.000144840401717539
Beaumont,2046,0.751467012509238,0.336100014555996,0.017936259394105,0.127249767499052,2746.12370289862,0.732871369051281,0.0366159747370602,0.0328495557643009,0.00415134386616955,0.000591263698208194,2.64076502460853E-05,0.00756909829740948,0.00247284185344654,0.000348870486458708,0.011993432879251,0.0129564154049149,0.000144192766575174
Beaumont,2047,0.743788847343239,0.334641792251205,0.0179061371189277,0.126901009858784,2741.57201346755,0.729991090236581,0.0364239576326781,0.0326796200789659,0.00413044920117045,0.000590720212108625,2.64050251672643E-05,0.00756468808455679,0.00247087131705115,0.000348661219102375,0.0119452280820269,0.0129544731098576,0.000143396393524822
Beaumont,2048,0.736110682177241,0.333183569946414,0.0178760148437505,0.126552252218517,2737.02032403648,0.72711081142188,0.036231940528296,0.0325096843936308,0.00410955453617134,0.000590176726009056,2.64024000884433E-05,0.0075602778717041,0.00246890078065576,0.000348451951746043,0.0118970232848028,0.0129525308148004,0.00014260002047447
Beaumont,2049,0.734393763734261,0.332512153681819,0.0178582020926115,0.126395099586034,2734.3364353627,0.725303436622198,0.0361529612262075,0.0324398004569275,0.00409802623346422,0.000589932951114841,2.64016109312592E-05,0.00755834353368812,0.00246801930059348,0.000348359819596133,0.0118666952517117,0.0129516191082075,0.000142264631783174
Beaumont,2050,0.73267684529128,0.331840737417224,0.0178403893414725,0.126237946953552,2731.65254668891,0.723496061822516,0.0360739819241189,0.0323699165202243,0.0040864979307571,0.000589689176220626,2.64008217740752E-05,0.00755640919567213,0.00246713782053121,0.000348267687446224,0.0118363672186206,0.0129507074016146,0.000141929243091879
Corpus Christi,2020,7.69902543578064,2.53794478213968,0.0276352149577974,0.324586614700138,4190.64085247368,2.2275180950528,0.113372116401024,0.102850582687438,0.0302437684690631,0.00266076275473764,0.00328851908034267,0.0223658665829589,0.012768813208595,0.00142029752171169,0.0363381697768546,0.0723458660359029,0.00127891278574901
Corpus Christi,2021,6.59224141421146,2.20193143954566,0.0269351997691558,0.290487194199955,4085.49305408821,2.02005396648019,0.104779602266831,0.0949647330215839,0.0260879707254844,0.00231976849595171,0.00271030456987376,0.0197864571438231,0.0109977338290719,0.00125076927102796,0.03291053184455,0.064296905977244,0.00111998164677051
Corpus Christi,2022,5.48545739264227,1.86591809695165,0.0262351845805142,0.256387773699771,3980.34525570273,1.81258983790758,0.0961870881326377,0.0870788833557299,0.0219321729819058,0.00197877423716577,0.00213209005940485,0.0172070477046873,0.00922665444954873,0.00108124102034424,0.0294828939122453,0.0562479459185852,0.000961050507792001
Corpus Christi,2023,4.77364074558136,1.62122225227358,0.0254989150124629,0.232570918221199,3869.95746121928,1.68915949179063,0.0900312200998314,0.08144332286804,0.0196896160950928,0.0017665314916445,0.00183284013164098,0.0155689914567461,0.00818652656920449,0.000966878748339894,0.0275113488194165,0.0508783381592366,0.000858922148759145
Corpus Christi,2024,4.06182409852045,1.37652640759552,0.0247626454444116,0.208754062742628,3759.56966673583,1.56572914567369,0.0838753520670252,0.0758077623803501,0.0174470592082798,0.00155428874612324,0.00153435075731068,0.0139309352088048,0.00714639868886024,0.000852516476335552,0.0255398037265877,0.045508730399888,0.000756793789726289
Corpus Christi,2025,3.26966803753021,1.18915746012044,0.02403756882876,0.198130642200113,3650.58349768817,1.40676870317475,0.0772293534060964,0.0697203156956334,0.0143477477369629,0.00131508101082309,0.00111857061190079,0.0121427783670356,0.00590012063184986,0.000737291758762026,0.022875000148133,0.0396217717279796,0.000642695967963812
Corpus Christi,2026,2.4929175528523,1.00178851264536,0.0233124922131083,0.187507221657597,3541.59732864052,1.24780826067581,0.0705833547451675,0.0636328690109167,0.011248436265646,0.00107587327552294,0.00070279046649091,0.0103546215252663,0.00465384257483947,0.000622067041188501,0.0202101965696784,0.0337348130560713,0.000528598146201335
Corpus Christi,2027,2.2972690736533,0.881477666436695,0.0226785634876308,0.174131333000105,3446.3382361196,1.19500656067248,0.0651844240211972,0.0587034654976151,0.0103885098053524,0.000971566109944966,0.000599829418768572,0.00953036455631207,0.0041874279596783,0.000559710757499943,0.0194371018172887,0.0293986929027596,0.000466761776538366
Corpus Christi,2028,2.10162059445429,0.761166820228027,0.0220446347621532,0.160755444342612,3351.07914359868,1.14220486066915,0.0597854932972268,0.0537740619843134,0.00952858334505891,0.00086725894436699,0.000496868371046233,0.00870610758735779,0.00372101334451713,0.000497354473811384,0.0186640070648991,0.025062572749448,0.000404925406875397
Corpus Christi,2029,1.9040553462728,0.687169860944778,0.0215087274445693,0.151316973269672,3270.39873403311,1.10169276980741,0.0561891298657997,0.0505019438463705,0.00887210019294571,0.000795867104820411,0.000422074277883322,0.00816609084925801,0.00339742074001492,0.000456076531456517,0.0180352715305503,0.0224982861909666,0.000364270507118966
Corpus Christi,2030,1.70649009809131,0.613172901661528,0.0209728201269854,0.141878502196732,3189.71832446754,1.06118067894568,0.0525927664343726,0.0472298257084276,0.00821561704083251,0.000724475265273833,0.000347280184720411,0.00763082875788257,0.00308378058242909,0.00041479858910165,0.0174065359962015,0.0199339996324852,0.000323615607362535
Corpus Christi,2031,1.36343469057283,0.525186305636453,0.0205527515948063,0.129323173960529,3126.46365120634,1.01376403273025,0.0497531652405314,0.0446466928339646,0.00717784776577446,0.000642991914090984,0.000201588808938613,0.00702794187792932,0.00265930545328885,0.000374052744690268,0.0166128153377372,0.0179224743551458,0.000282071541543438
Corpus Christi,2032,1.02037928305435,0.437199709611377,0.0201326830626272,0.116767845724326,3063.20897794515,0.966347386514826,0.0469135640466902,0.0420635599595016,0.00614007849071641,0.000562591262912467,5.58974331568152E-05,0.00642505499797608,0.00225987396125049,0.000334467127411919,0.0158190946792729,0.0159109490778064,0.000240527475724341
Corpus Christi,2033,0.965591034073441,0.394196455948077,0.0197931494074339,0.11114955438245,3012.13981498405,0.943950718163251,0.0446768035775449,0.0400393180924539,0.00590770808372554,0.000531125830205897,4.66923386994722E-05,0.00616288687199784,0.0021405043837639,0.000313706508782818,0.0154862231387369,0.0146239463138045,0.000219185016862583
Corpus Christi,2034,0.910802785092528,0.351193202284776,0.0194536157522407,0.105531263040575,2961.07065202296,0.921554049811675,0.0424400431083995,0.0380150762254061,0.00567533767673467,0.000499660397499328,3.74872442421292E-05,0.00590071874601961,0.0020211348062773,0.000292945890153717,0.015153351598201,0.0133369435498025,0.000197842558000825
Corpus Christi,2035,0.869570885650319,0.331145680386726,0.019179420136453,0.10202112062052,2919.76209899411,0.904514630135964,0.0406417869008351,0.0363926749608368,0.0055277423370228,0.000486576168922764,3.37007404063172E-05,0.00579426807835404,0.0019722573763481,0.000284618403143977,0.0148889231928706,0.0124426090333145,0.000185116414730124
Corpus Christi,2036,0.828338986208109,0.311098158488676,0.0189052245206653,0.0985109782004656,2878.45354596525,0.887475210460252,0.03887920881931,0.0348016407244813,0.00538014699731093,0.0004734919403462,2.99142365705052E-05,0.00568781741068847,0.00192337994641889,0.000276290916134236,0.0146244947875402,0.0115482745168265,0.000172496080290769
Corpus Christi,2037,0.794601786708881,0.294306265402611,0.0186886730600122,0.0963426345922471,2845.8831967935,0.871454222746252,0.0368127649743428,0.0329280994521071,0.00524738695673932,0.000454442446265808,2.38216030865601E-05,0.00553574768641596,0.00185106538523172,0.000263177155148675,0.014385897739885,0.0102554508885078,0.000156476850696009
Corpus Christi,2038,0.760864587209653,0.277514372316546,0.0184721215993591,0.0941742909840286,2813.31284762174,0.855433235032251,0.0347463211293757,0.0310545581797328,0.00511462691616771,0.000435392952185417,1.81047651963695E-05,0.00538367796214345,0.00177875082404455,0.000250063394163114,0.0141473006922297,0.00896813782310346,0.000140457621101248
Corpus Christi,2039,0.740991611057325,0.263854150196494,0.0183212385975651,0.0914293254808172,2790.55230526999,0.844298244392121,0.0342044354013069,0.0305746714587656,0.00502763584952959,0.000431853103029222,1.80233654099027E-05,0.00534823646007965,0.0017656540615576,0.000248363515086947,0.0139631726073617,0.00895351644066977,0.00013795150653496
Corpus Christi,2040,0.721118634904997,0.250193928076442,0.0181703555957711,0.0886843599776057,2767.79176291823,0.833163253751991,0.0336625496732381,0.0300947847377984,0.00494064478289147,0.000428313253873026,1.79419656234359E-05,0.00531279495801584,0.00175255729907065,0.00024666363601078,0.0137790445224937,0.00893889505823608,0.000135445391968671
Corpus Christi,2041,0.708779365255396,0.245682759662486,0.0180580269359325,0.0876890348157531,2750.85076630488,0.824581956159818,0.0333162086366485,0.0297882606881217,0.0048791553950025,0.000427016267534693,1.79378882378955E-05,0.00530308006116087,0.001748298017894,0.00024617179142794,0.0136353988045244,0.00893511208414566,0.000133901208888935
Corpus Christi,2042,0.696440095605794,0.241171591248531,0.0179456982760939,0.0866937096539004,2733.90976969153,0.816000658567646,0.0329698676000589,0.029481736638445,0.00481766600711353,0.000425719281196359,1.79338108523552E-05,0.0052933651643059,0.00174403873671736,0.000245679946845101,0.013491753086555,0.00893132911005523,0.000132357025809198
Corpus Christi,2043,0.688678891876407,0.237884448122259,0.0178779368528126,0.085916959467113,2723.6879642345,0.81026600246696,0.0327617561215447,0.0292974086873983,0.00477683364297832,0.00042479086864641,1.79274377742899E-05,0.00528595930887121,0.00174091388677411,0.000245309639400171,0.0133954998062222,0.00892537810432259,0.000131410430379343
Corpus Christi,2044,0.680917688147019,0.234597304995987,0.0178101754295312,0.0851402092803255,2713.46615877748,0.804531346366275,0.0325536446430306,0.0291130807363515,0.0047360012788431,0.00042386245609646,1.79210646962247E-05,0.00527855345343653,0.00173778903683086,0.000244939331955241,0.0132992465258894,0.00891942709858995,0.000130463834949488
Corpus Christi,2045,0.67600628402397,0.23265095655961,0.0177650837464398,0.0846912118579439,2706.66535000131,0.799282227635558,0.0324304961782218,0.0290041145694886,0.00470326011551947,0.000423320541146101,1.79189945939129E-05,0.00527443807634853,0.00173599618799969,0.000244731519613905,0.0132110847588365,0.00891790848254459,0.000129891569425093
Corpus Christi,2046,0.67109487990092,0.230704608123233,0.0177199920633484,0.0842422144355623,2699.86454122514,0.794033108904841,0.032307347713413,0.0288951484026256,0.00467051895219583,0.000422778626195743,1.79169244916011E-05,0.00527032269926053,0.00173420333916852,0.00024452370727257,0.0131229229917835,0.00891638986649923,0.000129319303900698
Corpus Christi,2047,0.664106683756472,0.228831743984301,0.017693230216679,0.0837989037106581,2695.81997037679,0.791320764707052,0.0321237658151858,0.028732696747511,0.00464924747089412,0.000422249399158411,1.79144458201108E-05,0.00526628035222387,0.0017324592083412,0.000244320150529997,0.0130774332012038,0.00891448758193292,0.000128554907906856
Corpus Christi,2048,0.657118487612024,0.22695887984537,0.0176664683700096,0.0833555929857539,2691.77539952844,0.788608420509263,0.0319401839169586,0.0285702450923964,0.00462797598959241,0.000421720172121078,1.79119671486205E-05,0.00526223800518721,0.00173071507751388,0.000244116593787425,0.0130319434106241,0.0089125852973666,0.000127790511913015
Corpus Christi,2049,0.655612253789513,0.226098067571002,0.0176501855053743,0.0831566717972692,2689.32469340414,0.786865195197606,0.0318631038153399,0.0285019930645376,0.00461601808655132,0.000421484576509309,1.79112831588668E-05,0.00526048377395227,0.00172994672885451,0.000244027767109856,0.0130026600824635,0.00891170020622667,0.000127463438245995
Corpus Christi,2050,0.654106019967003,0.225237255296634,0.0176339026407391,0.0829577506087844,2686.87398727983,0.78512196988595,0.0317860237137211,0.0284337410366788,0.00460406018351023,0.000421248980897539,1.79105991691131E-05,0.00525872954271733,0.00172917838019515,0.000243938940432287,0.012973376754303,0.00891081511508673,0.000127136364578976
Dallas,2020,5.40433458634652,2.16891859274619,0.0265163335722036,0.264812357112532,4019.34803369641,1.57334871051717,0.121543752741218,0.110435419126134,0.0188178306652844,0.00241958148728518,0.00276950297802614,0.0214503976023934,0.0114029101193864,0.00138635740297843,0.0247833812265981,0.082410881324904,0.00124595033458601
Dallas,2021,4.68760898738401,1.8949719370903,0.0258467596751188,0.239214930124717,3918.96293704212,1.44903400287149,0.111242068963179,0.100990137181725,0.0165502440572709,0.00213028934109499,0.00232087192051722,0.0191061303435163,0.00994813742516953,0.00122581978739689,0.0228569910765373,0.0730196160802734,0.00109597946008868
Dallas,2022,3.9708833884215,1.62102528143441,0.0251771857780341,0.213617503136902,3818.57784038782,1.3247192952258,0.10094038518514,0.0915448552373164,0.0142826574492574,0.00184099719490479,0.0018722408630083,0.0167618630846391,0.00849336473095263,0.00106528217181534,0.0209306009264765,0.0636283508356428,0.000946008585591356
Dallas,2023,3.57547774002887,1.42020797757868,0.0244662756964544,0.195912728905796,3712.07231605798,1.25696996526676,0.0937912610539797,0.0850053010473744,0.0132557995348179,0.00166708574755758,0.00168557954262383,0.0153267502413428,0.00769699355140574,0.000958192295509974,0.0199683269825073,0.0575431833931361,0.000852577186352946
Dallas,2024,3.18007209163625,1.21939067372296,0.0237553656148748,0.17820795467469,3605.56679172814,1.18927190927207,0.0866421369228192,0.0784657468574324,0.0122289416203785,0.00149317430021036,0.00149891822223935,0.0138916373980464,0.00690062237185884,0.000851102419204608,0.0190060530385381,0.0514580159506295,0.000759145787114537
Dallas,2025,2.58119258600345,1.06921541086558,0.0230549300268876,0.173496115140324,3500.4140644148,1.06996487900324,0.0786104694010419,0.0711073469198595,0.0101777688363427,0.00127391370845574,0.00110465337704113,0.0121455614347497,0.00575331849117333,0.000737192584695734,0.0169904582706408,0.0442947737319628,0.000643826848242937
Dallas,2026,1.98231308037066,0.919040148008207,0.0223544944389005,0.168784275605958,3395.26133710146,0.950657848734409,0.0705788018792646,0.0637489469822867,0.00812659605230692,0.00105465311670112,0.000710388531842909,0.0103994854714529,0.00460601461048782,0.00062328275018686,0.0149748635027436,0.0371315315132961,0.000528507909371338
Dallas,2027,1.85567327719036,0.811513442899013,0.0217374803463031,0.158180273423795,3302.65609878302,0.914465419566113,0.0639517929018325,0.0576952893724467,0.00758489942404594,0.000950041877393781,0.000616668970009115,0.00954032409204331,0.00414630174518038,0.000556445029229025,0.0145322217144326,0.0317242001765408,0.000460397135845294
Dallas,2028,1.72903347401007,0.703986737789819,0.0211204662537057,0.147576271241633,3210.05086046457,0.878272990397818,0.0573247839244004,0.0516416317626067,0.00704320279578496,0.000845430638086446,0.000522949408175322,0.00868116271263375,0.00368658887987294,0.000489607308271189,0.0140895799261216,0.0263168688397855,0.00039228636231925
Dallas,2029,1.58190069966804,0.639116975486104,0.0206019975570371,0.139835039298532,3132.03739572316,0.850797141923977,0.0531936820688657,0.0478812037835894,0.00660797997892359,0.000777790816390241,0.000452477452336897,0.00811943274165117,0.00337945499725123,0.000448700231189925,0.0137032165066557,0.0233210219012108,0.000350441845481597
Dallas,2030,1.43476792532601,0.574247213182389,0.0200835288603685,0.132093807355432,3054.02393098176,0.823321293450135,0.0490625802133309,0.0441207758045721,0.00617275716206223,0.000710150994694035,0.000382005496498472,0.00755770277066858,0.00307232111462952,0.00040779315410866,0.0133168530871899,0.0203251749626361,0.000308597328643944
Dallas,2031,1.1144774942004,0.493174515468127,0.019672375831135,0.120925242277735,2992.12690380961,0.784558929379273,0.0460185669676321,0.0413489795375312,0.00538566656575767,0.000629672554402119,0.000218349504433224,0.00691312345631445,0.00263313180580838,0.000368335462035851,0.012673312205834,0.0180926250613993,0.000266928205385506
Dallas,2032,0.79452483390196,0.412101817753864,0.0192612228019016,0.109756677200039,2930.22987663746,0.74579656530841,0.0429745537219333,0.0385771832704904,0.00459857596945312,0.000549194114110203,5.46935123679759E-05,0.00626854414196032,0.00220395557286679,0.000328877769963043,0.0120297713244781,0.0158600751601625,0.000225259082127068
Dallas,2033,0.75384926532206,0.371380433494778,0.0189311252386233,0.105117295655873,2880.55845213681,0.727078136396813,0.040815407541686,0.036623552973424,0.00440698083872348,0.000516962083876884,4.60202766134899E-05,0.00599732144078757,0.00208132133618477,0.000307301420950701,0.0117635211287279,0.0146268471798976,0.000205099942118174
Dallas,2034,0.71317369674216,0.330659049235692,0.018601027675345,0.100477914111707,2830.88702763617,0.708359707485215,0.0386562613614387,0.0346699226763576,0.00421538570799385,0.000484730053643564,3.73470408590038E-05,0.00572609873961483,0.00195868709950275,0.000285725071938359,0.0114972709329777,0.0133936191996327,0.000184940802109279
Dallas,2035,0.682811854152533,0.313667836356217,0.0183364418515453,0.0976325495537367,2791.02733955532,0.693487234968416,0.0370435724663594,0.0332138747670001,0.00409809120810678,0.000471815467228891,3.40756061127934E-05,0.00561893290648641,0.00191017745373756,0.000277341813226251,0.011269803157802,0.0125622298073722,0.000173559806691215
Dallas,2036,0.652450011562905,0.296676623476742,0.0180718560277455,0.0952878002790385,2751.16765147448,0.678614762451616,0.03543088357128,0.0317578268576426,0.00398079670821971,0.000458900880814218,3.0804171366583E-05,0.00551176707335799,0.00186166780797237,0.000268958554514143,0.0110423353826263,0.0117308404151117,0.000162178811273151
Dallas,2037,0.62718083537402,0.282204986650868,0.0178680717494331,0.0944112408778892,2720.53660053015,0.663492577581565,0.0331752577843076,0.0297063509136706,0.00387056503325311,0.000437382235558385,2.40259555539524E-05,0.00533880494489836,0.00177953784125862,0.000253824747039388,0.0108229363641783,0.0101446404842136,0.000143876668436696
Dallas,2038,0.601911659185134,0.268010336778389,0.0176642874711206,0.0935346814767399,2689.90554958582,0.648370392711513,0.0309196319973353,0.0276548749696985,0.00376033335828652,0.000415863590302552,1.72477397413218E-05,0.00516584281643873,0.00169740787454487,0.000238690939564634,0.0106035373457303,0.00855844055331545,0.000125574525600241
Dallas,2039,0.589175963337766,0.256856974539915,0.0175274058574928,0.0913675582992255,2669.25579091907,0.638617690896353,0.0304670760846193,0.0272539324255945,0.00369536304572193,0.000412510162431188,1.71556625687685E-05,0.00512972498023601,0.00168472031518974,0.000237004808676833,0.0104417554382508,0.00854202828122652,0.000123512205516457
Dallas,2040,0.576440267490398,0.24570361230144,0.017390524243865,0.0892004351217111,2648.60603225231,0.628864989081194,0.0300145201719033,0.0268529898814904,0.00363039273315735,0.000409156734559823,1.70635853962153E-05,0.00509360714403329,0.00167203275583461,0.000235318677789032,0.0102799735307713,0.00852561600913759,0.000121449885432673
Dallas,2041,0.569099816231756,0.243547116191621,0.0172897569941597,0.0887139174808453,2633.40559079498,0.621601790337081,0.0297447793797687,0.0266142660053106,0.00358725540462501,0.00040820760073278,1.70598589086524E-05,0.00508602806893066,0.00166892066794588,0.000234955233728407,0.0101576216715102,0.00852181331356405,0.000120288864843289
Dallas,2042,0.561759364973113,0.241390620081802,0.0171889897444544,0.0882273998399796,2618.20514933765,0.614338591592968,0.0294750385876341,0.0263755421291307,0.00354411807609267,0.000407258466905737,1.70561324210894E-05,0.00507844899382803,0.00166580858005716,0.000234591789667782,0.0100352698122492,0.00851801061799051,0.000119127844253905
Dallas,2043,0.556786130684486,0.239757244711654,0.0171295525158257,0.0878235326329104,2609.23444984108,0.609719618718373,0.0293227440636201,0.0262405707734388,0.00351636583914683,0.000406544496752793,1.70490829063396E-05,0.00507222788425565,0.00166337122598748,0.000234296187625826,0.00995730956211105,0.00851117632555543,0.000118451786956703
Dallas,2044,0.551812896395859,0.238123869341507,0.017070115287197,0.0874196654258412,2600.26375034451,0.605100645843777,0.0291704495396061,0.0261055994177468,0.00348861360220099,0.00040583052659985,1.70420333915899E-05,0.00506600677468327,0.00166093387191779,0.000234000585583871,0.00987934931197287,0.00850434203312034,0.000117775729659502
Dallas,2045,0.548788562140544,0.237257034736103,0.0170313654668917,0.0872181959489353,2594.41912209988,0.600724372628974,0.029085647101283,0.0260305683067372,0.00346621069778053,0.000405454883608082,1.70403570081134E-05,0.00506297449706494,0.00165969320960357,0.000233855240660219,0.00980522341885148,0.00850314367562532,0.000117387691938711
Dallas,2046,0.545764227885229,0.2363902001307,0.0169926156465863,0.0870167264720294,2588.57449385524,0.596348099414172,0.0290008446629599,0.0259555371957276,0.00344380779336007,0.000405079240616314,1.7038680624637E-05,0.00505994221944661,0.00165845254728936,0.000233709895736567,0.00973109752573009,0.00850194531813031,0.000116999654217919
Dallas,2047,0.540127409152774,0.235409609404087,0.0169705323084486,0.0867816706604572,2585.2392899394,0.594102343484337,0.0288548509408884,0.0258262984924613,0.00342806527896755,0.000404635635290897,1.70363815286123E-05,0.00505634345741157,0.0016569905124868,0.000233537730870204,0.00969344713462306,0.00850015886680922,0.000116395202389035
Dallas,2048,0.534490590420319,0.234429018677474,0.0169484489703109,0.0865466148488849,2581.90408602357,0.591856587554503,0.0287088572188168,0.025697059789195,0.00341232276457504,0.000404192029965479,1.70340824325876E-05,0.00505274469537653,0.00165552847768424,0.00023336556600384,0.00965579674351602,0.00849837241548812,0.000115790750560152
Dallas,2049,0.533383779271389,0.233963255601338,0.0169351310775028,0.0864375304354326,2579.89264789224,0.590340780787301,0.0286470432595252,0.0256423341442087,0.00340317979353699,0.000403989420391916,1.70334943874195E-05,0.00505115437353254,0.00165486975813423,0.000233289295459294,0.0096302368318959,0.0084975574281998,0.000115528137389841
Dallas,2050,0.53227696812246,0.233497492525203,0.0169218131846947,0.0863284460219802,2577.8812097609,0.588824974020099,0.0285852293002336,0.0255876084992224,0.00339403682249895,0.000403786810818353,1.70329063422514E-05,0.00504956405168855,0.00165421103858421,0.000233213024914747,0.00960467692027578,0.00849674244091148,0.00011526552421953
El Paso,2020,9.41655801067827,5.69418786035749,0.0280256941348398,0.66075491195852,4292.00927392393,2.52268305115285,0.336009446780622,0.30745168104977,0.0381303517406195,0.00629497022706921,0.00436244981909795,0.0563063845929719,0.0274663941406743,0.00394978483193142,0.037240486715973,0.289784949156456,0.00349684776501019
El Paso,2021,8.35098389862105,5.05921167353335,0.0274400742393652,0.614138239103795,4205.48022550344,2.31529485240026,0.302856002684905,0.277004007447061,0.033932776069264,0.00562623662525546,0.00378614742605521,0.0509214156340931,0.0244980258835312,0.00352799766351097,0.0343559094148986,0.257765608999762,0.00308810114052649
El Paso,2022,7.28540978656383,4.42423548670922,0.0268544543438907,0.56752156624907,4118.95117708296,2.10790665364766,0.269702558589188,0.246556333844353,0.0297352003979086,0.0049575030234417,0.00320984503301247,0.0455364466752144,0.0215296576263881,0.00310621049509052,0.0314713321138242,0.225746268843068,0.00267935451604278
El Paso,2023,6.70861376548419,3.91511251453085,0.0262559766688071,0.527577705453837,4029.96091941372,1.99622714195721,0.250677430768462,0.229111997216876,0.0280482554592254,0.00454676886797869,0.00296507170614291,0.042106334742499,0.019810168596365,0.0028281529709453,0.0301238678688946,0.207986130328209,0.00243885901336875
El Paso,2024,6.13181774440454,3.40598954235247,0.0256574989937235,0.488920501433995,3940.97066174448,1.88454763026675,0.231652302947737,0.211667660589399,0.0263613105205422,0.00413603471251568,0.00272029837927334,0.0386762228097837,0.0180906795663418,0.00255009544680007,0.0287764036239651,0.190625200397335,0.00219836351069473
El Paso,2025,4.89691014424898,3.04344587355081,0.0250370431363649,0.485783904846699,3848.88060044497,1.62857732855991,0.20468933437661,0.186896070204881,0.0210929987158579,0.00357760366257079,0.00206369086050273,0.034350387590294,0.0154508416317611,0.00223162254086162,0.0246079993717387,0.164627791091334,0.00186101265831547
El Paso,2026,3.66200254409341,2.68090220474915,0.0244165872790063,0.482647308259402,3756.79053914547,1.38088825846353,0.177726365805484,0.162124479820363,0.0158246869111736,0.00301917261262589,0.00140708334173212,0.0300245523708043,0.0128110036971805,0.00191314963492317,0.0204395951195124,0.138630381785333,0.00152366180593621
El Paso,2027,3.45900790204905,2.395858432963,0.0238524119657484,0.466150466184445,3672.93701388314,1.31159837451378,0.155385730696139,0.141637692220257,0.0146279263712756,0.00271683969142273,0.0012219390781234,0.0275714657751038,0.0115509584120232,0.00170706441977231,0.0197726576674313,0.118337034466094,0.0013022434845538
El Paso,2028,3.25601326000469,2.11081466117685,0.0232882366524905,0.449653624109487,3589.08348862082,1.24230849056403,0.133554624318322,0.121620218345299,0.0134311658313777,0.00241450677021957,0.00103679481451469,0.0251183791794034,0.010290913126866,0.00150097920462144,0.0191057202153502,0.0982316998997703,0.00108082516317138
El Paso,2029,2.98559589086653,1.92761271486143,0.0227849721212294,0.431162287401207,3513.74085264653,1.19491080808439,0.120763867432061,0.109893662491345,0.0125342607179562,0.00222016384688882,0.000912130218034157,0.0235000405212347,0.00947012239895884,0.00137243526468245,0.0185623521817035,0.0865974882617593,0.00094718769349074
El Paso,2030,2.71517852172838,1.744410768546,0.0222817075899684,0.412670950692927,3438.39821667224,1.14751312560475,0.107973110545799,0.0981671066373906,0.0116373556045346,0.00202582092355807,0.000787465621553629,0.0218817018630659,0.00864933167105164,0.00124389132474345,0.0180189841480569,0.0749632766237482,0.000813550223810102
El Paso,2031,1.97713249056142,1.5500154153533,0.021870208120248,0.391641680946236,3376.73449356481,1.07308682115763,0.0985389532943088,0.0895147336389357,0.00949219006366775,0.00181466264304511,0.000497584514710159,0.0202519287101737,0.00760791112197978,0.0011307631762616,0.0167857547644701,0.0662927801749902,0.000691191518064113
El Paso,2032,1.24035755422301,1.36032529108707,0.0214587086505276,0.370612411199545,3315.07077045739,0.998660516710515,0.0891047960428182,0.0808623606404808,0.00734702452280089,0.00160350436253215,0.000207703407866688,0.0186221555572814,0.00661263412965951,0.00101763502777974,0.0155525253808833,0.0576222837262321,0.000568832812318125
El Paso,2033,1.175198639874,1.21804964635976,0.021103255385043,0.358214828686755,3261.76991691068,0.966237846052536,0.0828415187027076,0.0751318185799335,0.00697954325389105,0.00148293852560213,0.000171354235320109,0.017584128556102,0.00613948346404314,0.000932391905409169,0.0151820279260448,0.0522534726696904,0.000495765126017335
El Paso,2034,1.11003972552498,1.07577400163245,0.0207478021195584,0.345817246173965,3208.46906336397,0.933815175394557,0.0765782413625971,0.0694012765193861,0.00661206198498121,0.00136237268867211,0.00013500506277353,0.0165461015549226,0.00566633279842677,0.000847148783038598,0.0148115304712064,0.0468846616131486,0.000422697439716546
El Paso,2035,1.06379607825693,1.03422464902269,0.0204503602560635,0.340822801857144,3163.7263790518,0.913236117443375,0.0723222999694713,0.0655209432779316,0.00642357990986397,0.00132256342998201,0.000123066817003803,0.0162078902127405,0.00551058937766769,0.000819253633254968,0.014521580162409,0.0436216268972203,0.000387927047066339
El Paso,2036,1.01755243098887,0.992675296412926,0.0201529183925686,0.335828357540322,3118.98369473964,0.892657059492194,0.0680663585763455,0.061640610036477,0.00623509783474674,0.00128275417129192,0.000111128571234076,0.0158696788705583,0.0053548459569086,0.000791358483471338,0.0142316298536116,0.0403585921812919,0.000353156654416131
El Paso,2037,0.966327345306127,0.956882687172765,0.0199036419987806,0.33670598437925,3081.86657430232,0.866777176790492,0.0594801424561524,0.0537731324304218,0.00602153604242517,0.00119732514372802,8.13255955023351E-05,0.015186961012347,0.00502310230945113,0.00072854506367781,0.0139344332883269,0.0326716664822015,0.000276677367863807
El Paso,2038,0.915102259623382,0.921090077932604,0.0196543656049926,0.337583611218179,3044.74945386499,0.840897294088791,0.0508939263359593,0.0459056548243666,0.0058079742501036,0.00111189611616412,5.15226197705943E-05,0.0145042431541356,0.00469135866199366,0.000665731643884282,0.0136372367230422,0.0249847407831112,0.000200198081311484
El Paso,2039,0.895439072130102,0.877236204705696,0.0194878566965713,0.329355865809134,3019.57304074988,0.82767005614096,0.0502106742714545,0.0452994751613289,0.00570256880672559,0.00110260268632429,5.11573938837273E-05,0.0143895654335253,0.00465272382535176,0.000660501047211381,0.0134111050115848,0.0249348879988247,0.000196882522679831
El Paso,2040,0.875847181785502,0.833382331478788,0.01932134778815,0.32112812040009,2994.39662763476,0.814442818193129,0.0495274222069497,0.0446932954982913,0.00559716336334759,0.00109330925648445,5.07921679968604E-05,0.0142748877129151,0.00461408898870985,0.000655270450538481,0.0131849733001275,0.0248850352145382,0.000193566964048179
El Paso,2041,0.86531648300479,0.830070600110048,0.0191839583071101,0.320356736861868,2973.65498416498,0.803954621877892,0.0490794967290356,0.0442966555602879,0.00552506596483227,0.0010920996783,5.07834590024459E-05,0.0142639217880429,0.00460942767524841,0.000654789984671389,0.0129994284843633,0.0248739036978805,0.000191764614767448
El Paso,2042,0.854785784224077,0.826758868741308,0.0190465688260701,0.319585353323646,2952.9133406952,0.793466425562656,0.0486315712511214,0.0439000156222846,0.00545296856631694,0.00109089010011554,5.07747500080313E-05,0.0142529558631708,0.00460476636178697,0.000654309518804297,0.0128138836685991,0.0248627721812227,0.000189962265486717
El Paso,2043,0.846522630117761,0.823436109033537,0.0189617601000691,0.318660861787066,2940.08923631534,0.78614375152938,0.0483317643335113,0.0436337829689819,0.00540238282303562,0.00108966544728839,5.07503683309096E-05,0.0142402423619927,0.00459989666638805,0.000653742647088951,0.0126836996294202,0.0248350210604258,0.000188771730035542
El Paso,2044,0.838259476011444,0.820113349325766,0.0188769513740681,0.317736370250486,2927.26513193548,0.778821077496104,0.0480319574159012,0.0433675503156792,0.00535179707975431,0.00108844079446125,5.07259866537879E-05,0.0142275288608147,0.00459502697098912,0.000653175775373604,0.0125535155902412,0.0248072699396289,0.000187581194584368
El Paso,2045,0.832863990892292,0.81840870146425,0.0188138663278323,0.317323051947938,2917.74241199344,0.770325400231741,0.0478508628617647,0.0432072854275702,0.00530003535064338,0.00108787590817428,5.07227078436756E-05,0.0142224653088121,0.0045928504815933,0.000652954887414792,0.0124022684618978,0.0248043775718543,0.000186821485228593
El Paso,2046,0.82746850577314,0.816704053602734,0.0187507812815966,0.316909733645389,2908.21969205141,0.761829722967377,0.0476697683076281,0.0430470205394613,0.00524827362153246,0.00108731102188731,5.07194290335633E-05,0.0142174017568095,0.00459067399219748,0.000652733999455979,0.0122510213335545,0.0248014852040797,0.000186061775872819
El Paso,2047,0.815009836976969,0.8143467728014,0.0187114280970206,0.316326205700648,2902.26060133427,0.757239518467941,0.0473334142785689,0.0427493410591069,0.0052115552942098,0.00108649471306377,5.07147919464046E-05,0.0142101389481937,0.00458754956982332,0.000652417157475327,0.0121704498200472,0.0247977384497062,0.000184716084621141
El Paso,2048,0.802551168180798,0.811989492000066,0.0186720749124447,0.315742677755907,2896.30151061714,0.752649313968504,0.0469970602495096,0.0424516615787525,0.00517483696688714,0.00108567840424023,5.07101548592459E-05,0.0142028761395778,0.00458442514744917,0.000652100315494675,0.01208987830654,0.0247939916953328,0.000183370393369463
El Paso,2049,0.800217376410728,0.810816996031463,0.0186467203592997,0.315457391571954,2892.48181514442,0.749414627654005,0.0468540453781543,0.042325069302251,0.00515189315012776,0.00108529435987959,5.07088146726176E-05,0.0141995304245768,0.00458295624832061,0.000651954969273172,0.0120325659051446,0.0247920455367421,0.000182783541055545
El Paso,2050,0.797883584640658,0.809644500062859,0.0186213658061547,0.315172105388001,2888.6621196717,0.746179941339506,0.046711030506799,0.0421984770257495,0.00512894933336838,0.00108491031551894,5.07074744859892E-05,0.0141961847095757,0.00458148734919206,0.000651809623051669,0.0119752535037492,0.0247900993781514,0.000182196688741626
Fort Worth,2020,6.69143878365867,3.64284063149535,0.0280025506792754,0.450522175335436,4266.33049044013,1.88438844753546,0.272329063018788,0.249069799474,0.0228123880101521,0.00480380709342866,0.00366807437853822,0.0440624337726376,0.02108697234587,0.00305061008584318,0.028230925105845,0.230724345252384,0.00272864109675306
Fort Worth,2021,5.83093302632915,3.21349990374983,0.0273477655636611,0.418827910596065,4168.72378300875,1.72607715395861,0.244445402618908,0.22346879701476,0.0200643144000878,0.00426896604954191,0.0031020722112487,0.0396620862875352,0.0186550100445118,0.002712026460296,0.0259455243170805,0.204301391742774,0.00239217637538928
Fort Worth,2022,4.97042726899963,2.78415917600432,0.0266929804480469,0.388210192075576,4071.11707557738,1.56776586038177,0.216561742219028,0.197867794555521,0.0173162407900236,0.00373412500565516,0.00254408081002566,0.0352617388024328,0.0162230477431535,0.00237344283474883,0.023660123528316,0.177878438233165,0.0020557116540255
Fort Worth,2023,4.51221890142187,2.45270533777693,0.0259993894108561,0.362761616094872,3967.51646377146,1.48151689938095,0.200596722068724,0.183232570722765,0.0160725966359223,0.00340406796992792,0.00229646948722007,0.032485589051646,0.01480686405543,0.00215322890595893,0.0225328818538628,0.163404791339417,0.00185873596511398
Fort Worth,2024,4.05401053384412,2.12125149954954,0.0253057983736653,0.337313040114168,3863.91585196555,1.39526793838013,0.18463170191842,0.16859734689001,0.014828952481821,0.00307401093420069,0.00205575677432535,0.0297094393008592,0.0133906803677064,0.00193301497716902,0.0214056401794096,0.148931144445669,0.00166176027620245
Fort Worth,2025,3.27469997644948,1.90120419367304,0.0246115170204462,0.333242108658283,3760.10792639107,1.2411343220374,0.162905204174251,0.148645717513119,0.0121932071290303,0.00268324900537453,0.00154746269748074,0.0265634029871649,0.0115363806032036,0.00169843655575708,0.0189097680355417,0.128238720324589,0.00140663613341409
Fort Worth,2026,2.49538941905485,1.68115688779653,0.023917235667227,0.329171177202397,3656.30000081658,1.08748832992569,0.141178706430082,0.128694088136228,0.00955746177623951,0.00229248707654836,0.00104606723054701,0.0234173666734705,0.00968208083870081,0.00146385813434513,0.0164138958916737,0.107546296203509,0.00115151199062573
Fort Worth,2027,2.33395099118206,1.52130179400319,0.0233006198703833,0.322119659179066,3563.96037033945,1.03976694606536,0.123859407612684,0.11281221817211,0.00885689932380274,0.00206420611534316,0.000898590987129744,0.0215429581510094,0.0087313717216233,0.00130656698579479,0.0158945617336599,0.0916912387110642,0.000978089622378184
Fort Worth,2028,2.17251256330928,1.36164349546561,0.0226840040735397,0.315068141155734,3471.62073986232,0.992045562205021,0.106540108795286,0.0969303482079908,0.00815633687136597,0.00183592515413796,0.000751114743712478,0.0196685496285482,0.0077806626045458,0.00114927583724445,0.015375227575646,0.0758361812186195,0.00080466725413064
Fort Worth,2029,1.98291905470978,1.25173251618344,0.0221535318970041,0.304304949393895,3391.93428255618,0.957863145289593,0.096467151116542,0.0877094481263043,0.00761390068288392,0.00169493939539206,0.000652096867449048,0.0184806004454643,0.00718311725365695,0.00105519387076969,0.0149378223940175,0.067068729607854,0.000704071461881503
Fort Worth,2030,1.79332554611028,1.14182153690126,0.0216230597204685,0.293541757632056,3312.24782525003,0.923680728374165,0.0863941934377976,0.0784885480446178,0.00707146449440188,0.00155395363664616,0.000553078991185618,0.0172926512623803,0.00658557190276809,0.000961111904294931,0.014500417212389,0.0583012779970886,0.000604165158412733
Fort Worth,2031,1.3895192298769,1.04942754326839,0.0211983978956027,0.285457248452076,3248.43444617093,0.875902767900698,0.0788067514050681,0.0715342472072393,0.00609687815625648,0.00141620437162002,0.000350605456068687,0.0161722804752884,0.00590698660247568,0.000881915647572118,0.0137396788341562,0.051451467545121,0.000516187139035013
Fort Worth,2032,1.01566051976624,0.957033549635526,0.020773736070737,0.277372739272096,3184.62106709182,0.82812480742723,0.0712193093723386,0.0645799463698609,0.00512229181811108,0.00127845510659389,0.000148131920951755,0.0150519096881965,0.00524248095040036,0.000802719390849305,0.0129789404559233,0.0446016570931533,0.000428209119657294
Fort Worth,2033,0.965599918699809,0.868208911255351,0.0204255754479732,0.269874315948186,3132.34562186897,0.80473958325274,0.0662760265971372,0.0600705145535301,0.00487735140762879,0.00119916463631163,0.000124363607543643,0.014375204529486,0.00493523155638442,0.000746831141713589,0.0126775006308435,0.0407439823320601,0.00037723942250811
Fort Worth,2034,0.915539317633375,0.779384272875177,0.0200774148252094,0.262375892624277,3080.07017664611,0.78135435907825,0.0613327438219358,0.0555610827371993,0.00463241099714651,0.00111987416602937,0.00010059529413553,0.0136984993707756,0.00462798216236848,0.000690942892577873,0.0123760608057637,0.0368863075709669,0.000326269725358926
Fort Worth,2035,0.880098943413032,0.7544606213105,0.0197952821437752,0.25963358801323,3037.59015521407,0.764306701117675,0.0581875308662916,0.0526952356521235,0.00449657265625092,0.00109107407631136,9.21127200612659E-05,0.0134555305307344,0.00451713733286851,0.000670895676674998,0.0121280011130125,0.0345260836529633,0.000300788723477917
Fort Worth,2036,0.844658569192688,0.729536969745823,0.0195131494623411,0.256891283402183,2995.11013378203,0.747259043157101,0.0550423179106474,0.0498293885670478,0.00436073431535533,0.00106227398659335,8.36301459870015E-05,0.0132125616906933,0.00440629250336855,0.000650848460772124,0.0118799414202613,0.0321658597349597,0.000275307721596908
Fort Worth,2037,0.808428549424207,0.712092886281425,0.0192890541374027,0.258355294291846,2961.55436577648,0.728394541367379,0.0489909932727244,0.0442863601376189,0.00422338101532205,0.00100491833872112,6.37039396842454E-05,0.0127566778083263,0.00418509701650294,0.000608783734096896,0.0116339254867057,0.0267973045010876,0.000221820326432808
Fort Worth,2038,0.772198529655725,0.694648802817028,0.0190649588124643,0.259819305181509,2927.99859777093,0.709530039577658,0.0429396686348014,0.03874333170819,0.00408602771528876,0.000947562690848894,4.37777333814893E-05,0.0123007939259594,0.00396390152963733,0.000566719007421668,0.0113879095531502,0.0214287492672156,0.000168332931268708
Fort Worth,2039,0.757893841291661,0.66684399927999,0.0189120433921062,0.254528462771759,2904.91462855041,0.698468043043249,0.0424523100093097,0.038311031233917,0.00401223797933881,0.000941148609577407,4.3536169346936E-05,0.0122239883784516,0.00393823716801833,0.000563161049951022,0.0112055050557274,0.0213950467277755,0.000165960199977283
Fort Worth,2040,0.743589152927598,0.639039195742953,0.0187591279717481,0.24923762036201,2881.83065932989,0.687406046508841,0.0419649513838181,0.037878730759644,0.00393844824338885,0.000934734528305919,4.32946053123828E-05,0.0121471828309438,0.00391257280639934,0.000559603092480376,0.0110231005583046,0.0213613441883354,0.000163587468685858
Fort Worth,2041,0.735877796323621,0.637776568055415,0.0186427760492052,0.248906557776081,2864.27059490234,0.679022677857574,0.0416717542665026,0.0376190039026199,0.00388982146637318,0.000933702375251,4.32865791317738E-05,0.0121384828633992,0.00390910573414871,0.000559187995893051,0.0108819013115067,0.0213523560942122,0.000162359333556132
Fort Worth,2042,0.728166439719644,0.636513940367877,0.0185264241266623,0.248575495190153,2846.71053047478,0.670639309206308,0.0413785571491871,0.0373592770455957,0.00384119468935751,0.000932670222196081,4.32785529511648E-05,0.0121297828958546,0.00390563866189808,0.000558772899305726,0.0107407020647088,0.021343368000089,0.000161131198426405
Fort Worth,2043,0.722648239334376,0.635178721071497,0.0184563925144516,0.248158683942961,2836.13310944289,0.665124660490619,0.0411936447782182,0.037194930216117,0.00380868607061302,0.000931636324745317,4.32563444050515E-05,0.0121193710412939,0.00390186062280407,0.000558284775417972,0.0106477431981489,0.0213211314840009,0.00016036458111683
Fort Worth,2044,0.717130038949108,0.633843501775118,0.018386360902241,0.247741872695769,2825.555688411,0.65961001177493,0.0410087324072492,0.0370305833866382,0.00377617745186853,0.000930602427294553,4.32341358589383E-05,0.0121089591867332,0.00389808258371005,0.000557796651530218,0.010554784331589,0.0212988949679129,0.000159597963807255
Fort Worth,2045,0.713740665298246,0.633399717142311,0.0183395332083478,0.247635671500689,2818.49101876467,0.654241013582578,0.0409103426956108,0.0369434957983117,0.00374904284873878,0.000930200126755116,4.32322987151679E-05,0.0121057086978595,0.00389675485575935,0.00055764083387988,0.0104639008174843,0.0212975529611867,0.000159158183195056
Fort Worth,2046,0.710351291647385,0.632955932509503,0.0182927055144546,0.247529470305608,2811.42634911835,0.648872015390225,0.0408119529839723,0.0368564082099851,0.00372190824560903,0.000929797826215679,4.32304615713974E-05,0.0121024582089859,0.00389542712780866,0.000557485016229542,0.0103730173033796,0.0212962109544605,0.000158718402582858
Fort Worth,2047,0.704029079815882,0.632446263532074,0.0182653218722066,0.247405026633373,2807.2799263671,0.646075260847283,0.0406458667913512,0.0367094267994048,0.00370260624160323,0.000929310296172454,4.32278950412978E-05,0.0120985036615835,0.00389382041116448,0.000557295782914746,0.010326149746021,0.021294223395671,0.000158036190351618
Fort Worth,2048,0.69770686798438,0.631936594554645,0.0182379382299587,0.247280582961139,2803.13350361586,0.643278506304341,0.04047978059873,0.0365624453888245,0.00368330423759744,0.000928822766129229,4.32253285111983E-05,0.0120945491141811,0.00389221369452031,0.000557106549599951,0.0102792821886624,0.0212922358368814,0.000157353978120377
Fort Worth,2049,0.696450250477938,0.631691655115901,0.0182212315871766,0.247222112399754,2800.61717551947,0.641393546875406,0.0404097604751996,0.0365004990516695,0.00367196693372307,0.000928595795470961,4.32246886390431E-05,0.0120927671895359,0.0038914762695974,0.000557021157316928,0.0102475150871157,0.0212913412869966,0.000157057204963035
Fort Worth,2050,0.695193632971495,0.631446715677157,0.0182045249443945,0.24716364183837,2798.10084742308,0.639508587446471,0.0403397403516692,0.0364385527145146,0.0036606296298487,0.000928368824812693,4.32240487668878E-05,0.0120909852648907,0.0038907388446745,0.000556935765033906,0.0102157479855691,0.0212904467371118,0.000156760431805693
Houston,2020,5.59430705884006,2.96448680597678,0.0279113891774614,0.367703354042987,4248.71566921473,1.66709892835934,0.192109644750872,0.175504228729778,0.0201453179060991,0.0036074487514399,0.00302573662111172,0.032721355996955,0.0160327468258856,0.00223790528916368,0.0245138891755232,0.157172603940126,0.0019748416075154
Houston,2021,4.86234176967992,2.59697605411566,0.0272344853451614,0.337266912250243,4147.71977701038,1.52856163635442,0.173516294114052,0.158413277084492,0.0177100538587638,0.00318992291698335,0.00253919077587739,0.0293049734858641,0.0140943255165098,0.00198230639436048,0.0225654717789894,0.13899856077478,0.00173053015322169
Houston,2022,4.13037648051977,2.22946530225454,0.0265575815128614,0.306830470457498,4046.72388480604,1.39002434434951,0.154922943477231,0.141322325439205,0.0152747898114285,0.0027723970825268,0.00205264493064305,0.0258885909747733,0.012155904207134,0.00172670749955728,0.0206170543824555,0.120824517609435,0.00148621869892799
Houston,2023,3.70195035566576,1.95672691241634,0.0258426879977947,0.283368212633604,3939.87463861704,1.30988675246772,0.143816490419908,0.131126761955414,0.0140590276023431,0.00251198561395219,0.00182371150852134,0.0237192018371388,0.0110116427803177,0.00155840032829246,0.0195747017634176,0.110351755189185,0.00133881197703767
Houston,2024,3.27352423081174,1.68398852257815,0.0251277944827279,0.25990595480971,3833.02539242804,1.22974916058592,0.132710037362585,0.120931198471624,0.0128432653932578,0.00225157414537758,0.00159477808639963,0.0215498126995044,0.00986738135350151,0.00139009315702765,0.0185323491443796,0.0998789927689359,0.00119140525514736
Houston,2025,2.70550478734367,1.49329502438013,0.0244197138423488,0.253283210208792,3727.11736999452,1.10475318046883,0.117998471336875,0.107420484792698,0.0108194541411422,0.00195832879978038,0.00120302459124844,0.0191930550402049,0.00846850398536958,0.00121718944438776,0.0166485503053195,0.0858406762563391,0.00101062582686909
Houston,2026,2.1374853438756,1.30260152618212,0.0237116332019696,0.246660465607874,3621.209347561,0.982848174542596,0.103286905311165,0.093909771113772,0.00879564288902657,0.00166508345418319,0.000811271096097244,0.0168362973809053,0.00706962661723765,0.00104428573174786,0.0147647514662594,0.0718023597437423,0.000829846398590826
Houston,2027,1.97992316925956,1.1624619982922,0.0230897252399132,0.23574993501029,3528.20772735775,0.939599800960423,0.0917617110709443,0.083341124815945,0.0081735420495761,0.00149861636235436,0.000693593158036521,0.0154728718584494,0.00636763078157543,0.000931789396854121,0.0142971101947182,0.0612520058348309,0.000710157090802194
Houston,2028,1.82236099464353,1.02232247040229,0.0224678172778567,0.225267660193367,3435.20610715449,0.896351427378249,0.0802365168307233,0.0727724785181181,0.00755144121012563,0.00133214927052553,0.000575915219975798,0.0141094463359934,0.00566563494591321,0.00081929306196038,0.013829468923177,0.0507016519259196,0.000590467783013562
Houston,2029,1.66476084634633,0.929227048685789,0.0219424821263488,0.215510410315801,3356.28255284578,0.864790139374236,0.0733328034434635,0.0664549304873105,0.00707221818186099,0.00122586499048633,0.000492806234326348,0.0132177697594642,0.00520769337127547,0.000749991868858046,0.0134330296277767,0.0447552492114482,0.000518957257844102
Houston,2030,1.50716069804912,0.836131626969291,0.0214171469748408,0.205753160438235,3277.35899853706,0.833228851370222,0.0664290900562037,0.060137382456503,0.00659299515359635,0.00111958071044712,0.000409697248676899,0.012326093182935,0.00474975179663772,0.000680690675755713,0.0130365903323764,0.0388088464969769,0.000447446732674643
Houston,2031,1.21566541164066,0.743459514867936,0.0210041378161918,0.195555872071509,3215.29759847373,0.794071065454773,0.0610986624946008,0.0552618149463626,0.00583350078716194,0.00101670234764198,0.000254737303183372,0.0114911842219811,0.00424269484320661,0.000622576546152054,0.012437094418317,0.0342808751447592,0.000384891057364032
Houston,2032,0.924170125232195,0.655610332298238,0.0205911286575429,0.185358583704783,3153.23619841039,0.754913279539323,0.055768234932998,0.0503862474362222,0.00507400642072753,0.000913823984836831,9.97773576898453E-05,0.0106562752610273,0.00373563788977549,0.000564462416548395,0.0118375985042576,0.0297529037925415,0.000322335382053421
Houston,2033,0.878486945759505,0.594202351523563,0.0202567584821054,0.179036491940451,3102.90234649926,0.734072634888435,0.0523603285506624,0.0472789578672064,0.00486328725014573,0.000857496098150581,8.34236851012804E-05,0.0101738002380927,0.00351707542902346,0.000525213486751497,0.0115708105226418,0.0271360323313274,0.000286711131986929
Houston,2034,0.832803766286816,0.532794370748888,0.0199223883066679,0.172714400176119,3052.56849458814,0.713231990237546,0.0489524221683268,0.0441716682981905,0.00465256807956393,0.00080116821146433,6.70700125127155E-05,0.00969132521515803,0.00329851296827144,0.000485964556954599,0.0113040225410259,0.0245191608701134,0.000251086881920437
Houston,2035,0.799455923304777,0.511124613725769,0.0196559583363864,0.169667126703416,3012.44945731759,0.697737996251817,0.0465770752758203,0.0420129140703693,0.00452448654050386,0.000779500270627266,6.09011853853758E-05,0.00950982011647739,0.00321501745295194,0.000471128270756793,0.0110778497284514,0.0228944787304499,0.000232390653784072
Houston,2036,0.766108080322738,0.48945485670265,0.019389528366105,0.166619853230713,2972.33042004704,0.682244002266089,0.0442017283833138,0.0398541598425481,0.00439640500144378,0.000757832329790202,5.47323582580361E-05,0.00932831501779674,0.00313152193763244,0.000456291984558988,0.0108516769158769,0.0212697965907864,0.000213694425647706
Houston,2037,0.736583129732026,0.472909941041507,0.0191854372077955,0.166048229824128,2941.74919338524,0.6657213128492,0.0404102606302104,0.0363888928227425,0.00427048216022285,0.000721694824054479,4.2614785389361E-05,0.00903958585045928,0.00299246919902174,0.000430171529841594,0.0106320370566948,0.0181247389882628,0.000181030456548246
Houston,2038,0.707058179141313,0.456365025380364,0.0189813460494861,0.165476606417542,2911.16796672344,0.649198623432312,0.0366187928771069,0.0329236258029368,0.00414455931900193,0.000685557318318757,3.04972125206859E-05,0.00875085668312181,0.00285341646041104,0.000404051075124201,0.0104123971975127,0.0149796813857392,0.000148366487448787
Houston,2039,0.693975221052824,0.437956927033156,0.0188444342004459,0.161895058139635,2890.49204793572,0.63964730605403,0.0361763997079265,0.0325314532357766,0.00407677818623142,0.000680922826867665,3.03398475587357E-05,0.00869761678865189,0.00283498156998263,0.000401567512404277,0.0102537099512006,0.0149564377352362,0.000146247566638312
Houston,2040,0.680892262964335,0.419548828685947,0.0187075223514057,0.158313509861728,2869.81612914801,0.630095988675748,0.0357340065387461,0.0321392806686163,0.00400899705346092,0.000676288335416574,3.01824825967856E-05,0.00864437689418196,0.00281654667955422,0.000399083949684354,0.0100950227048884,0.0149331940847333,0.000144128645827837
Houston,2041,0.673575684719253,0.417041508431794,0.0186077201969397,0.157721887028174,2854.75594816357,0.623095704708248,0.03547463951395,0.0319096292330414,0.00396425016197099,0.000675295428273912,3.01759123964018E-05,0.00863627063860406,0.0028130560481614,0.000398689981073286,0.00997648061658651,0.014926326519344,0.000142998114104038
Houston,2042,0.666259106474172,0.41453418817764,0.0185079180424736,0.15713026419462,2839.69576717913,0.616095420740749,0.0352152724891539,0.0316799777974666,0.00391950327048107,0.000674302521131251,3.01693421960181E-05,0.00862816438302616,0.00280956541676858,0.000398296012462218,0.00985793852828465,0.0149194589539547,0.000141867582380239
Houston,2043,0.661258579460991,0.412597830914819,0.0184489808481203,0.156625705325041,2830.79275272042,0.611620199610115,0.0350648199010948,0.0315464373707073,0.00389068436601292,0.000673496793936509,3.01571584628846E-05,0.00862073280718789,0.00280661528890391,0.000397941097891596,0.00978210344214858,0.0149068915416137,0.000141203185256611
Houston,2044,0.656258052447811,0.410661473651999,0.018390043653767,0.156121146455462,2821.8897382617,0.607144978479482,0.0349143673130357,0.031412896943948,0.00386186546154477,0.000672691066741768,3.01449747297511E-05,0.00861330123134962,0.00280366516103925,0.000397586183320975,0.00970626835601252,0.0148943241292727,0.000140538788132983
Houston,2045,0.653247065238247,0.409694062425842,0.0183528331552338,0.155892151315129,2816.27108003199,0.603113490284159,0.0348332463810266,0.03134105526442,0.00383922193418584,0.000672321050093336,3.01432910099209E-05,0.0086103643269837,0.00280237603615774,0.000397442866556297,0.00963770378257323,0.0148931360963616,0.000140160591565038
Houston,2046,0.650236078028684,0.408726651199686,0.0183156226567007,0.155663156174796,2810.65242180228,0.599082002088835,0.0347521254490175,0.031269213584892,0.00381657840682692,0.000671951033444904,3.01416072900906E-05,0.00860742742261777,0.00280108691127623,0.000397299549791619,0.00956913920913394,0.0148919480634504,0.000139782394997093
Houston,2047,0.645103860133531,0.407706655367292,0.0182942177169707,0.155417315333807,2807.41381664574,0.596996941902034,0.0346177787861279,0.0311503276971052,0.00380103404012289,0.00067153579449146,3.01395291373296E-05,0.00860412647992348,0.00279964757932305,0.000397138907048067,0.00953406966587522,0.0148903304871055,0.000139217441140499
Houston,2048,0.639971642238379,0.406686659534898,0.0182728127772407,0.155171474492818,2804.1752114892,0.594911881715234,0.0344834321232383,0.0310314418093185,0.00378548967341885,0.000671120555538016,3.01374509845687E-05,0.00860082553722918,0.00279820824736987,0.000396978264304515,0.00949900012261651,0.0148887129107607,0.000138652487283906
Houston,2049,0.638923700334999,0.406203467759042,0.0182601933690876,0.155057810537755,2802.27257734537,0.593526384258439,0.0344269517437397,0.0309814327720233,0.00377647408862458,0.000670929601695611,3.01368981290295E-05,0.00859935373256349,0.00279755112618574,0.000396906084827897,0.00947554922589688,0.0148879516200395,0.000138408109684776
Houston,2050,0.637875758431619,0.405720275983185,0.0182475739609345,0.154944146582693,2800.36994320154,0.592140886801644,0.034370471364241,0.030931423734728,0.00376745850383031,0.000670738647853206,3.01363452734904E-05,0.00859788192789779,0.0027968940050016,0.000396833905351279,0.00945209832917726,0.0148871903293184,0.000138163732085647
San Antonio,2020,8.95090138516389,3.73138024380023,0.0282404676333954,0.451122023367134,4299.22712275386,2.57061955292011,0.195419458051219,0.17837644008091,0.0355961650629979,0.00435175326571338,0.00420468629954485,0.0377037171438133,0.0199660573584879,0.0025466999191508,0.0401036175701392,0.155597595323343,0.00220589323504631
San Antonio,2021,7.71816421218682,3.27379239611764,0.0275765396166889,0.410567609729242,4200.1467513144,2.33080078000785,0.176925214606854,0.161373677628148,0.0308823951374961,0.00382974034647988,0.00351718015025426,0.0336439532743498,0.0174255430774792,0.00225284418853988,0.0363635297555902,0.137437410645362,0.0019290578752759
San Antonio,2022,6.48542703920975,2.81620454843505,0.0269126115999825,0.37001319609135,4101.06637987494,2.09098200709559,0.158430971162488,0.144370915175386,0.0261686252119944,0.00330772742724637,0.00282967400096368,0.0295841894048863,0.0148850287964706,0.00195898845792897,0.0326234419410412,0.11927722596738,0.00165222251550549
San Antonio,2023,5.77082621504087,2.47041386476485,0.026221098363294,0.339852702918506,3997.79871588945,1.95332008425612,0.146593749353428,0.133503547231726,0.02384171103472,0.00297924857830012,0.00249883078021185,0.026951450366596,0.0133879377840458,0.00175868084100728,0.0306018946862423,0.108087273794808,0.00147915520281903
San Antonio,2024,5.05622539087199,2.12462318109465,0.0255295851266055,0.309692209745663,3894.53105190396,1.81565816141665,0.134756527544369,0.122636179288065,0.0215147968574456,0.00265076972935387,0.00216798755946002,0.0243187113283057,0.011890846771621,0.00155837322408559,0.0285803474314434,0.0968973216222366,0.00130608789013257
San Antonio,2025,4.03615046665072,1.86524242268206,0.0248422315129346,0.299899900604032,3791.63368396461,1.61239928324358,0.121543966772037,0.110499986853711,0.0174981675538675,0.002273120559236,0.00160157167164243,0.0214374410670644,0.00999518527720511,0.00135909583023874,0.025280016092438,0.0842312475797371,0.00110750901433908
San Antonio,2026,3.02155829838011,1.60586166426947,0.0241548778992637,0.290107591462402,3688.73631602526,1.4091404050705,0.108331405999706,0.0983637944193561,0.0134815382502893,0.00189547138911814,0.00103515578382485,0.0185561708058231,0.00809952378278922,0.0011598184363919,0.0219796847534326,0.0715651735372376,0.00090893013854559
San Antonio,2027,2.81752293750469,1.41451594623504,0.0235537387328577,0.272138645409541,3598.65284867585,1.34446473239223,0.0973513400314232,0.0882975925956089,0.0124427059956815,0.00170556376080534,0.000890691119142417,0.0170196112026701,0.00728407196925218,0.0010367043132895,0.0211403119101305,0.0615849959358457,0.000787002967331776
San Antonio,2028,2.61348757662927,1.22317022820062,0.0229525995664517,0.25416969935668,3508.56938132644,1.27978905971395,0.0863712740631399,0.0782313907718617,0.0114038737410738,0.00151565613249253,0.000746226454459986,0.0154830515995172,0.00646862015571514,0.000913590190187108,0.0203009390668285,0.0516048183344537,0.000668253398899407
San Antonio,2029,2.38960023595428,1.11413849623932,0.0224342337038479,0.242038727290947,3430.68714037538,1.23151522074477,0.0796870401280785,0.072118169973578,0.010635495306019,0.00139464686164772,0.000646846566074721,0.014496644562513,0.00594091879320047,0.000837553162064353,0.0196159636323046,0.0459456757307635,0.000593186038404058
San Antonio,2030,2.16571289527928,1.00510676427803,0.0219158678412441,0.229907755225213,3352.80489942431,1.18324138177559,0.073002806193017,0.0660049491752943,0.00986711687096431,0.00127363759080291,0.000547466677689457,0.0135102375255087,0.00541321743068579,0.000761516133941598,0.0189309881977806,0.0402865331270732,0.00051811867790871
San Antonio,2031,1.67944187065586,0.873826222843491,0.0215006495994885,0.213000283963993,3290.3816396445,1.11985825208831,0.0678461379146711,0.0612883170858822,0.00844830242067474,0.00113532566666627,0.000332168555197576,0.0124469414698183,0.00470960619790617,0.000689134038065475,0.0179081526300138,0.0359070435806643,0.000443329784406195
San Antonio,2032,1.19317084603244,0.742545681408956,0.0210854313577329,0.196092812702773,3227.95837986469,1.05647512240103,0.0626894696363252,0.0565716849964701,0.00702948797038516,0.000997013742529626,0.000118666260021882,0.0113836454141278,0.0040413520708853,0.000616751942189353,0.0168853170622469,0.0315275540342554,0.000370460800914184
San Antonio,2033,1.12959257249895,0.66695896465535,0.0207424708534063,0.188312164131275,3176.48162518442,1.02780828386312,0.0591307418851557,0.0533292380454213,0.00672165002913516,0.000928387638387561,9.7326333460046E-05,0.0108063216724759,0.00377722419032978,0.000569279662395061,0.0164990612706788,0.0288606509639067,0.000329968968103779
San Antonio,2034,1.06601429896546,0.591372247901745,0.0203995103490797,0.180531515559778,3125.00487050414,0.999141445325222,0.0555720141339862,0.0500867910943725,0.00641381208788516,0.000859761534245496,7.71643249919407E-05,0.0102289979308239,0.00351309630977426,0.00052180738260077,0.0161128054791106,0.0261937478935579,0.000289477135293375
San Antonio,2035,1.01776446105214,0.561666224191868,0.0201193711042151,0.176131228287886,3082.84804265201,0.979282339685597,0.0526986863529828,0.047476058043685,0.00623610818627185,0.000832149468001045,6.9221431751032E-05,0.0100022836961102,0.00340779014089776,0.000502933588851562,0.0158228732448151,0.0242463487302302,0.00026646878891976
San Antonio,2036,0.969514623138821,0.53196020048199,0.0198392318593505,0.171730941015994,3040.69121479988,0.959423234045971,0.0498253585719795,0.0448653249929976,0.00605840428465854,0.000804537401756594,6.12785385101233E-05,0.00977556946139657,0.00330248397202126,0.000484059795102354,0.0155329410105196,0.0222989495669026,0.000243460442546145
San Antonio,2037,0.92558814388758,0.506082254370995,0.01961084288655,0.169958639883589,3006.48446029425,0.939791187935043,0.0454712989170503,0.0408882652399143,0.00589033732546795,0.000759583967922382,4.63594439423786E-05,0.00941708768954186,0.00312978187461965,0.000451714697096151,0.0152761792828642,0.0187544101063395,0.000205556228028917
San Antonio,2038,0.88166166463634,0.480204308259999,0.0193824539137495,0.168186338751184,2972.27770578861,0.920159141824115,0.0411172392621211,0.036911205486831,0.00572227036627737,0.00071463053408817,3.1440349374634E-05,0.00905860591768715,0.00295707977721804,0.000419369599089947,0.0150194175552087,0.0152098706457764,0.00016765201351169
San Antonio,2039,0.859235382231418,0.45602800056804,0.019224536669185,0.163544434327378,2948.42917093635,0.908354971281369,0.0405380746631181,0.0363978320573324,0.00562538979261262,0.000708346914757567,3.12363388808024E-05,0.00898811123821019,0.00293257531909319,0.000416048430817995,0.0148253225678445,0.0151807326401467,0.000164784710183208
San Antonio,2040,0.836809099826496,0.43185169287608,0.0190666194246205,0.159453194170055,2924.58063608408,0.896550800738623,0.0399589100641151,0.0358844586278337,0.00552850921894787,0.000702063295426963,3.10323283869707E-05,0.00891761655873324,0.00290807086096834,0.000412727262546042,0.0146312275804803,0.0151515946345171,0.000161917406854725
San Antonio,2041,0.823762972155237,0.426952929385152,0.0189437326699817,0.158639683616002,2906.04216502607,0.887324016468483,0.0395927198968593,0.0355602496109668,0.005461698758495,0.000700619793508321,3.10258552822518E-05,0.00890655374581684,0.00290328788376826,0.000412169450273225,0.0144764880986941,0.0151445921801496,0.000160280406872479
San Antonio,2042,0.810716844483977,0.422054165894224,0.0188208459153429,0.157826173061949,2887.50369396806,0.878097232198343,0.0392265297296035,0.0352360405940999,0.00539488829804213,0.000699176291589679,3.10193821775329E-05,0.00889549093290043,0.00289850490656818,0.000411611638000409,0.0143217486169078,0.0151375897257822,0.000158643406890232
San Antonio,2043,0.802061133501411,0.418159641340026,0.0187466353326045,0.157093202029955,2876.28568325937,0.871923105223686,0.0389949477621485,0.0350306908749189,0.00535034155564063,0.00069802530183273,3.10055241179441E-05,0.00888555165093408,0.00289450523700907,0.000411122496984717,0.014218061962822,0.0151235682278639,0.000157606967048253
San Antonio,2044,0.793405422518845,0.41507030162029,0.018672424749866,0.156360230997961,2865.06767255068,0.86574897824903,0.0387633657946935,0.034825341155738,0.00530579481323912,0.000696874312075782,3.09916660583554E-05,0.00887561236896772,0.00289050556744996,0.000410633355969026,0.0141143753087363,0.0151095467299456,0.000156570527206273
San Antonio,2045,0.788060031962232,0.413472393025586,0.01862136960915,0.15598193086862,2857.36187443137,0.859551149202161,0.0386290392489173,0.0347064615461932,0.00526761691469346,0.000696275541604188,3.09892725383065E-05,0.00887105234684782,0.002888523367929,0.000410403215063582,0.0140100610317972,0.0151077199188876,0.000155945090069514
San Antonio,2046,0.782714641405619,0.411874484430882,0.0185703144684339,0.155603630739279,2849.65607631207,0.853353320155293,0.038494712703141,0.0345875819366483,0.00522943901614781,0.000695676771132595,3.09868790182577E-05,0.00886649232472791,0.00288654116840803,0.000410173074158138,0.0139057467548582,0.0151058931078296,0.000155319652932754
San Antonio,2047,0.773639271188586,0.410140998104907,0.0185396347638971,0.155176679310898,2845.02227452397,0.850067217354081,0.0382715164132605,0.0343900651296281,0.00520344822325569,0.000695031420306483,3.09837959875381E-05,0.00886154978348941,0.00288441400380179,0.000409924219729518,0.0138505401629345,0.0151036230818136,0.000154389917588945
San Antonio,2048,0.764563900971552,0.408407511778933,0.0185089550593602,0.154749727882518,2840.38847273588,0.846781114552869,0.0380483201233801,0.0341925483226078,0.00517745743036357,0.000694386069480371,3.09807129568185E-05,0.0088566072422509,0.00288228683919556,0.000409675365300899,0.0137953335710108,0.0151013530557975,0.000153460182245137
San Antonio,2049,0.762717418561806,0.407588655420113,0.0184899355670041,0.154551436326074,2837.52114540339,0.844601868651807,0.0379556203342872,0.0341104895906028,0.00516246648885499,0.000694094647543456,3.09798112496651E-05,0.00885443211990378,0.00288133123933676,0.000409565285593771,0.0137586508790264,0.0151002281054389,0.000153064811350591
San Antonio,2050,0.76087093615206,0.406769799061294,0.0184709160746479,0.15435314476963,2834.65381807089,0.842422622750746,0.0378629205451944,0.0340284308585979,0.0051474755473464,0.00069380322560654,3.09789095425117E-05,0.00885225699755665,0.00288037563947796,0.000409455205886644,0.013721968187042,0.0150991031550802,0.000152669440456046
Waco,2020,10.2380347558064,4.482297508599,0.0288077116301793,0.527236185729635,4393.94047904015,2.83343774659443,0.255531314347763,0.233642800647317,0.0401438604585564,0.00538986864051633,0.00500617532861725,0.0468155452915653,0.0245222821954485,0.00321502879520352,0.0435137873873828,0.214684244638192,0.0028520202170507
Waco,2021,8.85540934366873,3.94206887236214,0.0281627886125762,0.481307210500063,4298.06543629616,2.56533784372732,0.231384532995719,0.2114367729219,0.0348490582719023,0.0047592290361966,0.00421215722323609,0.0418824829336018,0.0214918086459193,0.00285227809547095,0.0393992233069866,0.19078511960106,0.00250487617237129
Waco,2022,7.47278393153101,3.40184023612528,0.027517865594973,0.435378235270491,4202.19039355218,2.29723794086021,0.207237751643675,0.189230745196483,0.0295542560852482,0.00412858943187688,0.00341813911785493,0.0369494205756382,0.01846133509639,0.00248952739573838,0.0352846592265905,0.166885994563927,0.00215773212769189
Waco,2023,6.65625901205931,2.98828888532807,0.0268419744664925,0.398795527667744,4101.39914276451,2.14304073252424,0.193514325852846,0.176626819524245,0.0269063773605467,0.00374029064478015,0.00302939037969452,0.033818965334433,0.0166928438133596,0.00225167391554137,0.0330350918976592,0.153778132102161,0.00195333400328964
Waco,2024,5.83973409258761,2.57473753453087,0.026166083338012,0.362212820064997,4000.60789197683,1.98884352418827,0.179790900062017,0.164022893852007,0.0242584986358452,0.00335199185768343,0.0026406416415341,0.0306885100932277,0.0149243525303291,0.00201382043534437,0.0307855245687279,0.140670269640395,0.0017489358788874
Waco,2025,4.64048440939223,2.26861577473392,0.02547726659418,0.352937373445457,3897.86673508584,1.75136530871532,0.160574852129571,0.146360548845678,0.0195292170280936,0.00287408570068762,0.00195659681823912,0.0270357334481446,0.0125622432331056,0.00175424602589125,0.0269791705363787,0.121914058181574,0.00148038905386798
Waco,2026,3.45589685026789,1.96249401493696,0.0247884498503481,0.343661926825916,3795.12557819486,1.51388709324237,0.141358804197125,0.128698203839349,0.0147999354203421,0.00239617954369181,0.00127255199494414,0.0233829568030615,0.0102001339358821,0.00149467161643813,0.0231728165040295,0.103157846722752,0.00121184222884856
Waco,2027,3.22138381432887,1.73262340463771,0.0241730091550494,0.324325357859607,3703.21709791571,1.43807596818078,0.125772511924197,0.114395659986883,0.0135819763409586,0.00214943084849721,0.0010930784351002,0.0213952987140686,0.00915025466345298,0.00133198168040494,0.0222242337313219,0.088610828097444,0.0010428823851978
Waco,2028,2.98687077838986,1.50275279433845,0.0235575684597507,0.304988788893297,3611.30861763656,1.36226484311919,0.110186219651268,0.100093116134417,0.0123640172615751,0.00190268215330262,0.000913604875256269,0.0194076406250758,0.00810037539102382,0.00116929174437175,0.0212756509586143,0.0740638094721362,0.000873922541547027
Waco,2029,2.71625216893881,1.36973201118599,0.0230161206463322,0.290243206556397,3530.08164853603,1.30787053411041,0.100810793246751,0.0915055073045323,0.0114852925404421,0.00174767922807215,0.00079359906731602,0.0181384346531956,0.00743185225545062,0.00107007466196052,0.0205290876925801,0.0657569589748164,0.000772666917249446
Waco,2030,2.44563355948776,1.23671122803353,0.0224746728329137,0.275497624219497,3448.85467943549,1.25347622510162,0.0914353668422336,0.0829178984746477,0.010606567819309,0.00159267630284168,0.000673593259375771,0.0168692286813155,0.00676332911987743,0.000970857579549289,0.0197825244265459,0.0574501084774965,0.000671411292951865
Waco,2031,1.87232183134984,1.07854829807184,0.022033435350636,0.256516289109186,3382.63706216216,1.18035729903931,0.083904802184577,0.0760183204829445,0.00895831942489167,0.0014225476375851,0.000418081184490493,0.0155588089062206,0.00590876099317938,0.000879744867401833,0.0186159095229641,0.0507255153570441,0.000573818935073185
Waco,2032,1.29901010321191,0.920385368110146,0.0215921978683582,0.240849779961991,3316.41944488883,1.10723837297701,0.0763742375269203,0.0691187424912414,0.00731007103047432,0.00125241897232852,0.000162569109605215,0.0142483891311258,0.00509163412905878,0.000788632155254376,0.0174492946193823,0.0440009222365916,0.000476226577194506
Waco,2033,1.22739338212705,0.815289979269437,0.0212228817708819,0.231648409180707,3261.02043690532,1.07365504554764,0.071471517289126,0.0646419171412163,0.00694883291896531,0.00115609269679659,0.000134137498456255,0.0134328834413822,0.00471931578506002,0.000721276466255638,0.0170194061383313,0.0400487905717455,0.000418872276763012
Waco,2034,1.15577666104218,0.713593872729689,0.0208535656734057,0.222447038399423,3205.62142892182,1.04007171811827,0.0665687970513318,0.0601650917911911,0.0065875948074563,0.00105976642126466,0.000105705887307295,0.0126173777516385,0.00434699744106126,0.0006539207772569,0.0165895176572803,0.0360966589068994,0.000361517976331519
Waco,2035,1.10240721634909,0.681498474663385,0.0205466269799786,0.218203141421782,3159.43251463771,1.01810399469832,0.06302067306666,0.0569366579330222,0.00639322304442658,0.00102639845262797,9.6062069648184E-05,0.0123400972301653,0.00421917150648454,0.000630961778408157,0.0162719045591189,0.033561719377758,0.00033299627268942
Waco,2036,1.049037771656,0.649403076597082,0.0202396882865514,0.21395924444414,3113.2436003536,0.996136271278374,0.0594725490819883,0.0537082240748532,0.00619885128139686,0.000993030483991277,8.64182519890733E-05,0.012062816708692,0.00409134557190782,0.000608002779559413,0.0159542914609574,0.0310267798486166,0.00030447456904732
Waco,2037,0.994658425861417,0.621902532320746,0.0199852825620042,0.213942930569374,3075.27837625891,0.972064456480439,0.0524798803223803,0.0473068042413729,0.00599759045627479,0.000923577917306559,6.25331913859384E-05,0.0115123757559985,0.00382383444063805,0.000557316443940081,0.0156641931275203,0.0249334024483687,0.000242671314026423
Waco,2038,0.94027908006683,0.59440198804441,0.0197308768374569,0.213926616694607,3037.31315216422,0.947992641682504,0.0454872115627722,0.0409053844078926,0.00579632963115273,0.000854125350621841,3.86481307828035E-05,0.010961934803305,0.00355632330936828,0.000506630108320749,0.0153740947940832,0.0188400250481209,0.000180868059005525
Waco,2039,0.91424238241234,0.562095284816678,0.019554757379467,0.20779278962209,3010.70140960068,0.934521538751142,0.0448074181290394,0.0403026056139311,0.00568720831023484,0.000845771178411201,3.83522448572648E-05,0.0108650972072439,0.00352323826288625,0.000502089950827234,0.015152864782408,0.0187999807130836,0.000177485255079318
Waco,2040,0.88820568475785,0.529788581588946,0.0193786379214771,0.201658962549573,2984.08966703713,0.92105043581978,0.0441276246953066,0.0396998268199695,0.00557808698931694,0.000837417006200561,3.80563589317262E-05,0.0107682596111829,0.00349015321640422,0.000497549793333718,0.0149316347707327,0.0187599363780464,0.000174102451153112
Waco,2041,0.873381398607307,0.525866329106066,0.0192395630366491,0.200754150207104,2963.1011358425,0.910427686532785,0.0436912062926353,0.0393134546931151,0.00550262066388996,0.000835824522571835,3.80487467168678E-05,0.0107560166775187,0.00348487196841063,0.000496933004853872,0.0147531715842888,0.0187509935058188,0.000172195277206122
Waco,2042,0.858557112456765,0.521944076623186,0.0191004881518211,0.199849337864634,2942.11260464787,0.89980493724579,0.0432547878899641,0.0389270825662607,0.00542715433846297,0.00083423203894311,3.80411345020093E-05,0.0107437737438545,0.00347959072041704,0.000496316216374026,0.0145747083978449,0.0187420506335911,0.000170288103259131
Waco,2043,0.848492217595776,0.518552334860942,0.0190141746676318,0.198954354014177,2929.06169260293,0.892491304613941,0.0429682772637534,0.0386727948748558,0.00537531365216637,0.000832802176168816,3.80190337487818E-05,0.0107308141906941,0.00347452625936029,0.000495684252307615,0.0144518102254096,0.0187188680247345,0.00016904627844802
Waco,2044,0.838427322734788,0.515160593098699,0.0189278611834425,0.198059370163719,2916.01078055799,0.885177671982092,0.0426817666375428,0.0384185071834509,0.00532347296586977,0.000831372313394522,3.79969329955543E-05,0.0107178546375337,0.00346946179830354,0.000495052288241205,0.0143289120529744,0.018695685415878,0.000167804453636908
Waco,2045,0.832038741162251,0.513367804716836,0.0188674197469254,0.197633887655456,2906.88918908685,0.877831487327057,0.0425223045549501,0.0382773786814141,0.00527860966542448,0.000830682903811768,3.79941036783294E-05,0.0107125997933366,0.00346718013960157,0.000494786971775962,0.0142051118009476,0.0186935613237438,0.000167068894081272
Waco,2046,0.825650159589713,0.511575016334973,0.0188069783104083,0.197208405147194,2897.76759761572,0.870485302672023,0.0423628424723574,0.0381362501793774,0.0052337463649792,0.000829993494229013,3.79912743611044E-05,0.0107073449491395,0.00346489848089959,0.00049452165531072,0.0140813115489209,0.0186914372316096,0.000166333334525637
Waco,2047,0.81498685221959,0.509590292174835,0.0187701740592274,0.196717648739877,2892.20185508579,0.866633445293701,0.0421023774279092,0.0379057180498421,0.00520350011305482,0.000829249313316564,3.79876735721041E-05,0.0107016414450953,0.00346244314781075,0.00049423475913013,0.0140165288354979,0.018688832911721,0.000165251138022785
Waco,2048,0.804323544849467,0.507605568014696,0.0187333698080465,0.196429195360906,2886.63611255586,0.862781587915379,0.041841912383461,0.0376751859203068,0.00517325386113043,0.000828505132404116,3.79840727831038E-05,0.0106959379410512,0.0034599878147219,0.00049394786294954,0.0139517461220748,0.0186862285918323,0.000164168941519934
Waco,2049,0.802150759791402,0.506669530166619,0.0187108147459867,0.196330078134451,2883.23366843164,0.860207021025417,0.0417338775032476,0.0375795763620772,0.0051556907194481,0.000828168915813436,3.79830291450389E-05,0.0106934304899369,0.00345888759897406,0.000493820945326462,0.0139083518234315,0.0186849452438764,0.000163709069593593
Waco,2050,0.799977974733338,0.505733492318541,0.0186882596839268,0.196230960907997,2879.83122430742,0.857632454135455,0.0416258426230343,0.0374839668038476,0.00513812757776577,0.000827832699222757,3.79819855069741E-05,0.0106909230388226,0.00345778738322622,0.000493694027703384,0.0138649575247882,0.0186836618959205,0.000163249197667253
